"","LAName","LACode","English region","2010","2011","2012","2013","2014","2015","2016","2017","2018","2019","x2010","x2011","x2012","x2013","x2014","x2015","x2016","x2017","x2018","x2019","clustering4","clustering5","clustering6","clustering7","clustering8"
"1","Wokingham","E06000041","South East",0.08,0.07,5.6,6.2,6.1,7.07,7.1,6.7,5.4,4.67,1,1,1,1,1,1,1,1,1,1,1,1,1,1,1
"2","Hart","E07000089","South East",0.08,0.07,5.5,6.1,6.3,7.51,7,6.7,5.5,4.77,1,1,1,1,1,2,1,1,1,1,1,1,1,1,1
"3","Surrey Heath","E07000214","South East",0.09,0.08,6.2,6.6,6.6,7.64,7.7,7.2,5.6,5.08,1,1,1,1,1,2,1,1,1,1,1,1,1,1,1
"4","Elmbridge","E07000207","South East",0.1,0.1,7.4,7,7.3,6.31,7.8,7.7,5.8,5.29,1,2,2,1,2,1,1,1,1,1,1,1,1,1,1
"5","Bracknell Forest","E06000036","South East",0.07,0.06,4.9,5.6,5.8,6.94,6.5,5.8,5.2,5.35,1,1,1,1,1,1,1,1,1,1,1,1,1,1,1
"6","Fareham","E07000087","South East",0.1,0.08,5.2,5.9,5.6,7.55,7.2,6.8,5.9,5.35,1,1,1,1,1,2,1,1,1,1,1,1,1,1,1
"7","Mid Sussex","E07000228","South East",0.11,0.1,6.7,6.9,7.6,8.06,7.8,7.5,6.5,5.78,2,2,1,1,2,2,1,1,1,1,1,1,1,1,1
"8","Tandridge","E07000215","South East",0.12,0.11,7.5,7,7,7.59,7.9,7.6,6.5,5.87,2,3,2,1,1,2,1,1,1,1,1,1,1,1,1
"9","Windsor and Maidenhead","E06000040","South East",0.1,0.09,7.4,7.6,8.2,8.19,8.1,7.8,6.1,5.91,1,1,2,2,3,2,2,2,1,1,1,1,1,1,1
"10","Woking","E07000217","South East",0.09,0.08,6.8,6.9,6.6,7.74,8,7.5,6.1,5.96,1,1,2,1,1,2,2,1,1,1,1,1,1,1,1
"11","East Hampshire","E07000085","South East",0.11,0.1,6.6,6.5,7.2,7.75,7.5,7.2,7,5.97,2,2,1,1,1,2,1,1,1,1,1,1,1,1,1
"12","Horsham","E07000227","South East",0.1,0.1,6.8,6.8,7.6,7.66,7.6,7.3,7.2,5.98,1,2,2,1,2,2,1,1,2,1,1,1,1,1,1
"13","Eastleigh","E07000086","South East",0.09,0.08,5.8,6.4,6.1,8.19,7.8,7.2,6.3,6.04,1,1,1,1,1,2,1,1,1,1,1,1,1,1,1
"14","Reigate and Banstead","E07000211","South East",0.1,0.09,6.9,7,7.2,7.52,7.9,7.4,6,6.13,1,1,2,1,1,2,1,1,1,1,1,1,1,1,1
"15","Mole Valley","E07000210","South East",0.12,0.12,7.7,7.3,7.6,7.68,8.1,7.9,6.8,6.16,2,3,3,2,2,2,2,2,1,1,1,1,1,1,1
"16","New Forest","E07000091","South East",0.13,0.12,6.6,6.9,6.8,8.14,8.5,8,7.6,6.16,3,3,1,1,1,2,2,2,2,1,1,1,1,1,1
"17","Waverley","E07000216","South East",0.12,0.12,7.8,7.4,7.8,7.85,8.3,8,6.8,6.21,2,4,3,2,2,2,2,2,1,1,1,1,1,1,1
"18","Basingstoke and Deane","E07000084","South East",0.08,0.07,5.7,5.9,6.9,7.89,7.1,6.5,6.1,6.27,1,1,1,1,1,2,1,1,1,1,1,1,1,1,1
"19","Runnymede","E07000212","South East",0.1,0.09,7.3,7.6,7.5,8.27,8.1,7.8,6.4,6.27,1,1,2,2,2,2,2,2,1,1,1,1,1,1,1
"20","West Berkshire","E06000037","South East",0.1,0.09,6.6,6.6,8.3,8.39,7.5,7.2,6.6,6.29,1,1,1,1,3,2,1,1,1,1,1,1,1,1,1
"21","Milton Keynes","E06000042","South East",0.08,0.06,5.4,6.3,6,7.93,7.5,6.9,5.9,6.33,1,1,1,1,1,2,1,1,1,1,1,1,1,1,1
"22","City of London","E09000001","London",0.05,0.03,2.4,3.9,5.7,4.85,4.9,4.2,5.5,6.36,1,1,1,1,1,1,1,1,1,1,1,1,1,1,1
"23","South Oxfordshire","E07000179","South East",0.11,0.1,7.1,7.4,8.3,8.52,7.9,7.7,7.3,6.4,2,2,2,2,3,3,1,1,2,1,1,1,1,1,1
"24","Test Valley","E07000093","South East",0.1,0.09,6.6,6.6,8.4,8.31,7.6,7.3,6.9,6.43,1,1,1,1,3,2,1,1,1,1,1,1,1,1,1
"25","Epsom and Ewell","E07000208","South East",0.11,0.1,8,7.9,7.4,7.53,8.5,7.7,6.6,6.47,2,2,3,3,2,2,2,2,1,1,1,1,1,1,1
"26","Vale of White Horse","E07000180","South East",0.11,0.1,6.9,7.1,8,8.36,7.9,7.4,6.9,6.49,2,2,2,1,2,2,1,1,1,1,1,1,1,1,1
"27","Winchester","E07000094","South East",0.11,0.11,7.6,7.5,8.6,8.66,8.4,8.1,7.8,6.54,2,3,2,2,3,3,2,2,2,1,1,1,1,1,1
"28","Spelthorne","E07000213","South East",0.11,0.09,6.4,7.1,7,7.68,7.5,7.1,6,6.6,2,1,1,1,1,2,1,1,1,1,1,1,1,1,1
"29","Sevenoaks","E07000111","South East",0.12,0.11,7.9,7.7,8.7,7.97,8.2,8.2,7.3,6.67,2,3,3,2,3,2,2,2,2,1,1,1,1,1,1
"30","Wealden","E07000065","South East",0.15,0.15,7.8,7.4,8,8.53,8.5,8.3,8.5,6.7,4,5,3,2,2,3,2,2,3,1,2,2,2,2,2
"31","West Oxfordshire","E07000181","South East",0.11,0.1,6.9,6.9,8.5,8.67,7.6,7.3,7.4,6.85,2,2,2,1,3,3,1,1,2,1,1,1,1,1,1
"32","Guildford","E07000209","South East",0.11,0.1,8,7.8,8,8.96,9.1,8.5,7.1,6.86,2,2,3,3,2,3,3,3,1,2,1,1,1,1,1
"33","Tonbridge and Malling","E07000115","South East",0.1,0.09,7.2,7.3,7.5,8.31,8.1,7.9,7.3,6.95,1,1,2,2,2,2,2,2,2,2,1,1,1,1,1
"34","Lewes","E07000063","South East",0.13,0.12,7.2,7.7,8.2,8.48,8.8,8.8,8,7.07,3,4,2,2,3,3,3,3,2,2,2,2,2,2,2
"35","Arun","E07000224","South East",0.13,0.12,6.7,7.5,7.2,8.83,8.8,8.6,7.9,7.17,3,4,1,2,1,3,3,3,2,2,2,2,2,2,2
"36","Cherwell","E07000177","South East",0.1,0.08,6.6,7.2,8.3,9.27,8,7.8,7.4,7.22,1,1,1,1,3,3,2,2,2,2,1,1,1,1,1
"37","Havant","E07000090","South East",0.12,0.1,6.7,7.4,6.8,9.04,9,8.6,7.8,7.45,3,2,1,2,1,3,3,3,2,2,2,2,2,2,2
"38","Crawley","E07000163","South East",0.08,0.06,11.3,10.7,13.6,12.54,10.4,9.4,10.6,7.46,1,1,7,7,10,8,5,4,7,2,2,2,3,3,3
"39","Dartford","E06000005","South East",0.11,0.09,11.8,12.5,12.6,14.08,13.7,12.2,9,7.47,2,1,8,9,9,10,9,9,4,2,3,3,4,4,4
"40","Chichester","E07000225","South East",0.15,0.14,8.7,8.3,9.5,9.34,9.3,9.3,9.5,7.54,4,4,4,3,4,4,3,4,4,2,2,2,2,2,2
"41","Ashford","E07000105","South East",0.12,0.11,7.6,7.6,8.3,9.46,8.9,8.4,8.5,7.64,3,3,3,2,3,4,3,3,3,2,2,2,2,2,2
"42","Gosport","E07000088","South East",0.11,0.09,6.7,7.6,7.6,9.75,8.5,8.2,7.2,7.7,2,1,1,2,2,4,2,2,2,2,1,1,1,1,1
"43","Rushmoor","E07000092","South East",0.09,0.07,6.6,7,7.1,9.03,8,7.5,6.4,7.71,1,1,1,1,1,3,2,1,1,2,1,1,1,1,1
"44","Maidstone","E07000110","South East",0.13,0.11,7.9,7.8,8.1,9.69,8.8,8.5,8,7.74,3,3,3,3,2,4,3,3,2,2,2,2,2,2,2
"45","Adur","E07000223","South East",0.14,0.11,6.8,7.3,6.8,8.63,8.5,8.5,7.7,7.77,4,3,2,2,1,3,2,3,2,2,2,2,2,2,2
"46","South Gloucestershire","E06000025","South West",0.11,0.1,6.7,9.1,9.5,8.76,7.5,8.2,6.7,7.97,2,2,1,4,4,3,1,2,1,2,1,1,1,1,1
"47","Tunbridge Wells","E07000116","South East",0.13,0.13,9.2,8.6,9.8,9.7,9.5,9,8.5,8.14,3,4,5,4,5,4,4,4,3,2,2,2,2,2,2
"48","Worthing","E07000229","South East",0.13,0.12,7.8,8.3,8.1,9.19,9.3,9,7.9,8.2,3,4,3,3,2,3,3,4,2,2,2,2,2,2,2
"49","Tewkesbury","E07000083","South West",0.13,0.13,7.5,9.1,9.4,8.52,8.4,8.8,7.4,8.38,3,4,2,4,4,3,2,3,2,2,2,2,2,2,2
"50","Eastbourne","E07000061","South East",0.13,0.11,7.9,8.5,8.6,9.52,9.4,9.7,8.5,8.47,3,3,3,3,3,4,4,5,3,2,2,2,2,2,2
"51","Rother","E07000064","South East",0.18,0.17,8.8,8.9,9,9.36,9.9,9.8,10.6,8.63,6,7,4,4,4,4,4,5,7,2,4,4,5,5,5
"52","Canterbury","E07000106","South East",0.14,0.13,8.9,9.4,9.3,10.92,10.6,10.6,10.1,8.72,4,4,4,5,4,6,5,6,6,2,4,4,5,5,5
"53","Isle of Wight","E06000046","South East",0.16,0.15,9.5,10,8.9,10.58,11.3,11,11.2,8.87,5,5,5,6,4,5,7,7,8,2,4,4,5,5,5
"54","Medway","E06000035","South East",0.12,0.1,8.6,9.8,9.2,11.46,10.1,10.3,9,8.9,3,2,4,5,4,7,5,6,4,2,2,2,2,2,2
"55","Swale","E07000113","South East",0.13,0.11,8.3,8.8,8.7,10.28,10,9.8,9.2,9.09,3,3,3,4,3,5,4,5,4,2,2,2,2,2,2
"56","St. Albans","E07000240","East of England",0.13,0.13,8,7.9,7.2,6.59,7.8,8.3,6.9,9.29,3,4,3,3,1,1,1,3,1,2,1,1,1,1,1
"57","Slough","E06000039","South East",0.1,0.08,10,10.1,8.2,12.7,11,10.1,8.9,9.33,1,1,6,6,3,8,6,5,3,2,2,2,3,3,3
"58","Gravesham","E07000109","South East",0.13,0.1,8.9,9.6,9.1,10.82,10.1,10.1,8.8,9.4,3,2,4,5,4,6,5,5,3,2,2,2,2,2,2
"59","South Hams","E07000044","South West",0.18,0.2,10.2,12.2,13.2,12.41,10.1,11.2,10.8,9.44,6,9,6,9,9,8,5,7,7,2,4,4,5,6,6
"60","East Devon","E07000040","South West",0.17,0.18,9.1,11,11.3,10.49,9.6,10.3,9.7,9.47,6,8,4,8,7,5,4,6,5,2,4,4,5,5,5
"61","Swindon","E06000030","South West",0.12,0.1,7.6,9.8,9.8,8.98,8.8,9.1,6.8,9.63,3,2,3,5,5,3,3,4,1,2,2,2,3,3,3
"62","Blaby","E07000129","East Midlands",0.14,0.14,9.6,8,7.2,10.02,9.1,7,8.4,9.66,4,5,5,3,2,4,3,1,3,2,2,2,2,2,2
"63","Harborough","E07000131","East Midlands",0.15,0.17,10.6,7.9,8.4,9.9,8.8,6.9,8.9,9.67,4,7,6,3,3,4,3,1,4,3,2,2,2,2,2
"64","Wiltshire UA","E06000054","South West",0.13,0.13,7.9,10,12.6,11.76,9,9.3,8.2,9.82,3,4,3,6,9,7,3,4,2,3,2,2,2,2,2
"65","Oxford","E07000178","South East",0.13,0.11,12.4,11.9,11.9,12.83,11.9,11.7,10.5,9.85,3,3,9,9,8,9,8,8,6,3,3,5,6,7,7
"66","Rushcliffe","E07000176","East Midlands",0.15,0.17,11.5,8.7,8.6,9.98,10,7.7,8.8,9.86,4,7,8,4,3,4,4,2,3,3,2,2,2,2,2
"67","Dover","E08000017","South East",0.15,0.13,10,9.8,11.6,11.32,12.1,10.8,9.6,9.9,4,4,6,6,8,6,8,6,5,3,4,4,5,6,6
"68","Teignbridge","E07000045","South West",0.16,0.17,9.3,11.8,11.7,10.87,10.5,10.9,9.6,9.9,5,7,5,9,8,6,5,7,5,3,4,4,5,6,6
"69","Rochford","E07000075","East of England",0.15,0.13,6.5,7.2,6.2,5.48,7.6,8.6,8.5,10,4,4,1,1,1,1,1,3,3,3,1,1,1,1,1
"70","Cotswold","E07000079","South West",0.16,0.17,9.7,11.1,14.5,13.7,9.2,10.2,9.5,10.12,5,7,5,8,10,9,3,6,4,3,4,4,5,6,6
"71","Brentwood","E07000068","East of England",0.15,0.14,7.7,7.7,7,6.26,8.1,8.4,7.5,10.15,5,5,3,2,1,1,2,3,2,3,2,2,2,2,2
"72","Stroud","E07000082","South West",0.16,0.16,9.2,10.6,11.1,10.39,9.4,9.9,8.8,10.16,5,6,5,7,7,5,4,5,3,3,4,4,5,5,5
"73","Oadby and Wigston","E07000135","East Midlands",0.16,0.16,11.9,9.6,8.2,11.98,9.6,8.2,8.9,10.2,5,6,8,5,3,7,4,2,4,3,4,4,5,6,6
"74","Bath and North East Somerset","E06000022","South West",0.14,0.14,9.5,12.1,13.2,12.39,9.6,10.9,9.1,10.25,4,5,5,9,9,8,4,7,4,3,4,4,5,6,6
"75","Reading","E06000038","South East",0.12,0.1,10.7,11.2,10.8,13.86,11.9,10.9,9,10.3,3,2,6,8,7,9,8,7,4,3,4,4,5,6,6
"76","South Cambridgeshire","E07000012","East of England",0.13,0.12,7.3,7.1,7.9,7.24,8,8,8.3,10.31,3,4,2,1,2,1,2,2,3,3,1,1,1,1,1
"77","East Hertfordshire","E07000242","East of England",0.13,0.12,7.5,7.3,7.5,6.9,7.6,7.8,7.3,10.4,3,4,2,2,2,1,1,2,2,3,1,1,1,1,1
"78","Gloucester","E07000081","South West",0.14,0.12,8.8,10.7,9.6,8.8,9.4,10.3,7.9,10.42,4,4,4,7,5,3,4,6,2,3,4,4,5,5,5
"79","Brighton and Hove","E06000043","South East",0.14,0.12,10.7,11.9,12.3,12.7,11.4,11.7,11.2,10.48,4,4,6,9,9,8,7,8,8,3,4,4,5,6,6
"80","South Northamptonshire","E07000155","East Midlands",0.14,0.15,10.1,8.1,9.5,10.32,9,6.8,9.7,10.49,4,5,6,3,5,5,3,1,5,3,2,2,2,2,2
"81","Mendip","E07000187","South West",0.16,0.16,9.1,11.2,12.4,11.62,9.9,10.7,9.4,10.52,5,6,4,8,9,7,4,6,4,3,4,4,5,6,6
"82","Torbay","E06000027","South West",0.16,0.16,9.8,12.8,11.6,10.82,10.8,12.6,10,10.54,5,6,5,9,8,6,6,9,5,3,4,4,5,6,6
"83","Thanet","E07000114","South East",0.17,0.15,10.1,10.3,10.1,11.28,11.4,12.3,10.7,10.55,6,5,6,7,5,6,7,9,7,3,4,4,5,6,6
"84","Broxbourne","E07000095","East of England",0.13,0.1,6.3,7.5,6.6,5.99,7.4,8.1,7.5,10.56,3,2,1,2,1,1,1,2,2,3,1,1,1,1,1
"85","Hertsmere","E07000098","East of England",0.14,0.12,8,8.2,7.3,6.69,8.5,9,7.6,10.57,4,4,3,3,2,1,3,4,2,3,2,2,2,2,2
"86","Chelmsford","E07000070","East of England",0.13,0.12,7.2,7.4,6.9,6.17,7.9,8.1,7.9,10.59,3,4,2,2,1,1,2,2,2,3,1,1,1,1,1
"87","Richmond upon Thames","E09000027","London",0.1,0.1,7.6,7.7,9.5,7.38,6.9,9.4,9.9,10.61,1,2,3,2,5,1,1,4,5,3,2,2,3,3,3
"88","Three Rivers","E07000102","East of England",0.14,0.13,8.4,8,7.1,6.36,8.1,8.8,7.4,10.69,4,4,4,3,1,1,2,3,2,3,2,2,2,2,2
"89","Portsmouth","E06000044","South East",0.13,0.1,10.7,12.3,11.8,14.46,12.3,12.1,10.8,10.71,3,2,6,9,8,10,8,8,7,3,4,4,5,6,6
"90","Southampton","E06000045","South East",0.12,0.1,10.1,10.3,9.8,12.44,11.6,11.5,10.4,10.71,3,2,6,7,5,8,7,8,6,3,4,4,5,6,6
"91","South Ribble","E07000126","North West",0.17,0.15,7.9,7.9,7.8,9.93,10.5,9.5,9.3,10.75,6,5,3,3,2,4,5,5,4,3,2,2,3,3,3
"92","Hastings","E07000062","South East",0.15,0.13,10.8,11.8,11.8,11.34,11.8,13.3,11.5,10.79,5,4,7,9,8,6,7,9,8,3,4,4,5,6,6
"93","Sedgemoor","E07000188","South West",0.16,0.15,8.7,11,12,11.24,10.5,10.8,9.6,10.82,5,5,4,8,8,6,5,6,5,3,4,4,5,6,6
"94","Cheshire East UA","E06000049","North West",0.18,0.17,9.5,8.8,10.1,10.01,10.8,10.5,9.8,10.89,6,7,5,4,5,4,6,6,5,4,4,4,5,5,5
"95","Dacorum","E09000008","East of England",0.13,0.11,8.8,9.9,9.7,10.04,10.7,11.5,11.2,10.98,4,3,4,6,5,4,6,8,8,4,4,4,5,5,5
"96","Cheltenham","E07000078","South West",0.13,0.13,8.9,11,11.4,10.6,9.6,10.4,8.1,11,4,4,4,8,8,5,4,6,2,4,4,4,5,5,5
"97","South Somerset","E07000189","South West",0.16,0.16,9.2,11.2,13,12.17,10.2,10.5,10,11.01,5,6,5,8,9,7,5,6,5,4,4,4,5,6,6
"98","Fylde","E07000119","North West",0.18,0.18,8.1,8.1,8.8,8.54,9.7,10.2,9.7,11.19,6,8,3,3,3,3,4,6,5,4,2,2,3,3,3
"99","Daventry","E07000107","East Midlands",0.14,0.16,7.1,7.5,7.2,8.68,8.2,7.7,6.8,11.23,4,6,2,2,2,3,2,2,1,4,2,2,2,2,2
"100","Epping Forest","E07000072","East of England",0.16,0.14,8.2,8.3,7.8,7.15,8.1,9,8.2,11.26,5,5,3,3,2,1,2,4,3,4,2,2,2,2,2
"101","Huntingdonshire","E07000011","East of England",0.11,0.1,6.3,7,6.7,6.09,8.3,8.1,8.4,11.35,2,2,1,1,1,1,2,2,3,4,1,1,1,1,1
"102","Broadland","E07000144","East of England",0.16,0.15,6.7,7.1,7.2,6.57,8.9,8.8,9.5,11.39,5,5,1,1,2,1,3,3,4,4,2,2,3,3,3
"103","Hinckley and Bosworth","E07000132","East Midlands",0.15,0.16,10.7,8.6,8.6,11.21,10.1,7.6,9,11.43,5,6,6,4,3,6,5,1,4,4,4,4,5,5,5
"104","Castle Point","E07000069","East of England",0.17,0.14,6.6,7.6,6.4,5.64,9.3,10,9,11.44,6,5,1,2,1,1,3,5,4,4,2,2,3,3,3
"105","Cornwall UA","E06000052","South West",0.19,0.19,11.4,14.4,14.9,14.15,12.8,13.2,12.6,11.47,7,8,7,10,10,10,9,9,9,4,3,3,4,4,4
"106","West Devon","E07000047","South West",0.21,0.22,11.6,13.8,15.2,14.39,11.7,12.6,12.3,11.48,9,10,8,10,10,10,7,9,9,4,3,3,4,4,4
"107","Gedling","E07000173","East Midlands",0.16,0.17,11,9.1,8.7,11.43,11,8.3,9.4,11.49,5,7,7,4,3,6,6,3,4,4,4,4,5,5,5
"108","Mid Devon","E07000042","South West",0.19,0.19,10.5,12.8,14.4,13.63,11,11.2,11,11.54,7,8,6,9,10,9,6,7,7,4,3,5,6,7,7
"109","North Devon","E07000043","South West",0.19,0.19,11,13.6,13.9,13.13,11.6,12.6,11.7,11.54,7,9,7,10,10,9,7,9,8,4,3,3,4,4,4
"110","Warrington","E06000007","North West",0.17,0.14,8.3,8,8.4,9.83,10.1,9.8,9.1,11.57,6,5,3,3,3,4,5,5,4,4,2,2,3,3,3
"111","Central Bedfordshire UA","E06000056","East of England",0.13,0.11,7.2,7.7,7.3,6.67,8,8.4,8.4,11.58,4,3,2,2,2,1,2,3,3,4,2,2,2,2,2
"112","Bromsgrove","E07000234","West Midlands",0.18,0.14,10.9,9.8,9.1,10.58,10,9,8.4,11.67,6,5,7,6,4,5,4,4,3,4,4,4,5,5,5
"113","Ribble Valley","E07000124","North West",0.2,0.2,9.8,9.4,11.6,10.63,10,10.2,11.1,11.7,8,9,5,5,8,5,4,6,8,4,4,4,5,5,5
"114","Isles of Scilly UA","E06000053","South West",0.24,0.22,19.7,22.4,20.4,19.41,15.5,12.5,20.9,11.74,10,10,10,10,10,10,10,9,10,4,3,3,4,4,8
"115","Rutland","E06000017","East Midlands",0.16,0.18,11.9,9.3,10.6,11.33,10.3,8,10.9,11.74,5,8,8,5,6,6,5,2,7,4,4,4,5,5,5
"116","South Derbyshire","E07000039","East Midlands",0.16,0.16,11,9,9.1,11.29,10.5,7.9,9.8,11.77,5,6,7,4,4,6,5,2,5,4,4,4,5,5,5
"117","Basildon","E07000066","East of England",0.13,0.1,6.1,7,6.3,5.66,7.8,8.4,7.8,11.82,4,2,1,1,1,1,1,3,2,4,1,1,1,1,1
"118","Torridge","E07000046","South West",0.22,0.21,11.4,14,15,14.18,12.4,13.2,12.6,11.82,9,10,7,10,10,10,8,9,9,4,3,3,4,4,4
"119","Charnwood","E07000130","East Midlands",0.16,0.16,12.6,9.7,8.9,12.51,10.8,8.8,10.1,11.83,5,6,9,5,4,8,6,3,6,4,4,4,5,6,6
"120","Exeter","E07000041","South West",0.13,0.13,10.7,13.1,12.3,11.52,11.6,12.4,10.4,11.86,4,4,6,9,9,7,7,9,6,4,3,5,6,7,7
"121","Chorley","E07000118","North West",0.17,0.15,8.2,8.2,8.7,9.81,10.6,9.8,10,11.87,6,5,3,3,3,4,5,5,6,4,2,2,3,3,3
"122","Bromley","E09000006","London",0.11,0.1,7.1,7.6,8.5,6.91,8.1,9.1,8.6,11.89,2,3,2,2,3,1,2,4,3,4,2,2,2,2,2
"123","Uttlesford","E07000077","East of England",0.17,0.17,9.4,8.5,9.7,8.96,8.8,9.3,9.3,11.89,6,7,5,4,5,3,3,4,4,4,4,4,5,5,5
"124","North Kesteven","E07000139","East Midlands",0.16,0.18,9.8,7.7,9.1,10.28,10.5,7.3,10.4,11.91,5,8,5,2,4,5,5,1,6,4,4,4,5,5,5
"125","South Lakeland","E07000031","North West",0.23,0.23,11.6,10.1,11.9,10.15,10.5,10.9,12.5,11.95,10,10,8,6,8,5,5,7,9,5,3,5,6,7,7
"126","Cheshire West and Chester UA and Chester UA","E06000050","North West",0.18,0.16,9.4,8.9,10,10.14,11.3,10.9,10.6,11.96,6,6,5,4,5,5,7,7,7,5,4,4,5,5,5
"127","Wyre","E07000128","North West",0.21,0.2,8.6,9,9.3,9.82,10.8,10.9,11.1,12,9,9,4,4,4,4,6,7,8,5,4,4,5,5,5
"128","Welwyn Hatfield","E07000241","East of England",0.14,0.11,8.7,8.6,8,7.38,9.2,9.9,8.3,12.01,4,3,4,4,2,1,3,5,3,5,2,2,2,2,2
"129","Stevenage","E07000243","East of England",0.12,0.09,6.3,7.3,7.1,6.43,7.7,8,7.4,12.04,3,1,1,2,1,1,1,2,2,5,1,1,1,1,1
"130","North Hertfordshire","E07000099","East of England",0.14,0.12,8.4,8.2,8,7.34,8.5,8.8,7.8,12.11,4,4,4,3,2,1,3,3,2,5,2,2,2,2,2
"131","South Kesteven","E07000141","East Midlands",0.16,0.17,11.4,8.9,10.3,11.61,10.6,8.2,10,12.12,5,7,8,4,6,7,5,2,6,5,4,4,5,5,5
"132","Maldon","E07000074","East of England",0.15,0.14,7.9,8.3,9.1,8.47,9,9,10.7,12.13,5,5,3,3,4,3,3,4,7,5,2,2,3,3,3
"133","Stockport","E08000007","North West",0.19,0.17,9.7,9.2,9.8,10.24,10.7,10.7,9.8,12.15,7,7,5,5,5,5,6,6,5,5,4,4,5,5,5
"134","Broxtowe","E07000172","East Midlands",0.17,0.17,12,9.7,9.1,11.9,11.8,8.6,9.6,12.35,6,7,8,5,4,7,7,3,5,5,4,4,5,5,5
"135","Plymouth","E06000026","South West",0.14,0.13,10.3,13.4,12.8,12.03,11.8,13,10.3,12.35,4,4,6,10,9,7,7,9,6,5,3,5,6,7,7
"136","Kingston upon Thames","E09000021","London",0.1,0.09,8.9,9.4,10,9.37,9.3,10.9,10.4,12.39,1,2,4,5,5,4,4,7,6,5,2,2,3,3,3
"137","South Staffordshire","E07000196","West Midlands",0.18,0.14,10.5,9.9,9.2,10.73,10.4,9.2,9.2,12.43,6,5,6,6,4,5,5,4,4,5,4,4,5,5,5
"138","Melton","E07000133","East Midlands",0.17,0.18,12.3,9.5,11,12.82,11,8.3,10.6,12.46,6,8,9,5,7,9,6,3,7,5,4,4,5,6,6
"139","Solihull","E08000029","West Midlands",0.18,0.14,10.7,10.1,9.1,10.57,9.8,9.2,8.2,12.48,6,5,6,6,4,5,4,4,3,5,4,4,5,5,5
"140","East Northamptonshire","E07000152","East Midlands",0.15,0.16,11,8.8,9.6,11.66,10.3,7.8,9.9,12.52,5,6,7,4,5,7,5,2,5,5,4,4,5,5,5
"141","Lichfield","E07000194","West Midlands",0.17,0.14,10.9,9.8,9.5,10.95,10.8,9.4,9.1,12.52,6,5,7,6,5,6,6,5,4,5,4,4,5,5,5
"142","Northampton","E07000154","East Midlands",0.16,0.15,11.8,10.3,9.4,12.88,10.8,8.5,8.7,12.57,5,5,8,7,4,9,6,3,3,5,4,4,5,6,6
"143","Forest of Dean","E07000080","South West",0.19,0.18,9.5,11.6,14.1,13.32,10.8,10.9,11.7,12.74,7,8,5,8,10,9,6,7,8,5,4,4,5,6,6
"144","Trafford","E08000009","North West",0.19,0.17,11.1,10,10.4,9.88,11.1,11.4,10.4,12.79,7,7,7,6,6,4,6,7,6,5,4,4,5,5,5
"145","Colchester","E07000071","East of England",0.14,0.13,8.3,8.4,7.8,7.12,9.5,10.1,9.4,12.8,4,4,3,3,2,1,4,5,4,5,2,2,2,2,2
"146","Kettering","E07000153","East Midlands",0.17,0.17,11.9,9.5,9.4,12.43,10.8,8.5,9.5,12.82,6,7,8,5,4,8,6,3,4,5,4,4,5,5,5
"147","Bexley","E09000004","London",0.12,0.1,7.6,8.2,8.5,7.64,8.2,9.8,9,12.84,3,3,3,3,3,2,2,5,4,5,2,2,2,2,2
"148","North West Leicestershire","E07000134","East Midlands",0.17,0.17,11.5,9,10,11.31,10.7,7.9,9.8,12.84,6,7,8,4,5,6,6,2,5,5,4,4,5,5,5
"149","Kensington and Chelsea","E09000020","London",0.1,0.1,8.8,10.7,14.3,8.72,8.7,11.7,12.4,12.86,1,3,4,7,10,3,3,8,9,5,2,2,3,3,3
"150","Sutton","E09000029","London",0.1,0.09,7.4,7.7,8.1,7.53,8.6,9.1,8.4,12.86,1,2,2,2,3,2,3,4,3,5,2,2,3,3,3
"151","Harrogate","E07000165","Yorkshire and the Humber",0.17,0.18,9.1,8.6,11.7,10.39,9.4,8.2,8.3,12.87,6,8,4,4,8,5,4,2,3,5,4,4,5,5,5
"152","North Tyneside","E08000022","North East",0.19,0.17,9.7,9.9,9.9,11.13,11.2,9.3,7.6,12.91,7,7,5,6,5,6,7,4,2,5,4,4,5,5,5
"153","Stockton-on-Tees","E06000004","North East",0.18,0.17,10.3,11.1,10.7,12.34,13.4,11.3,9,12.97,6,7,6,8,7,8,9,7,4,5,3,5,6,7,7
"154","Warwick","E07000222","West Midlands",0.17,0.14,11.6,11.1,10.8,12.34,10.8,10,8.6,13.02,6,5,8,8,7,8,6,5,3,5,4,4,5,6,6
"155","Braintree","E07000067","East of England",0.15,0.13,8.1,8.2,8.4,7.71,8.8,9,9.3,13.07,5,4,3,3,3,2,3,4,4,5,2,2,3,3,3
"156","West Lancashire","E07000127","North West",0.19,0.17,9,8.6,10,9.81,11,10.7,11.5,13.12,7,7,4,4,5,4,6,6,8,6,4,4,5,5,5
"157","High Peak","E07000037","East Midlands",0.18,0.19,13.3,10.5,10.5,12.42,10.6,8.5,10.5,13.14,6,9,9,7,6,8,5,3,6,6,3,5,6,7,7
"158","Wandsworth","E09000032","London",0.09,0.07,7,8.3,10.7,9.84,7.2,9.8,10.1,13.15,1,1,2,3,7,4,1,5,6,6,2,2,3,3,3
"159","Havering","E09000016","London",0.13,0.1,6.9,7.5,8.4,7.81,8,9.9,9,13.16,4,3,2,2,3,2,2,5,4,6,2,2,2,2,2
"160","Selby","E07000169","Yorkshire and the Humber",0.15,0.15,7,6.9,9.4,9.17,8.8,7.1,8.3,13.19,5,5,2,1,4,3,3,1,3,6,2,2,2,2,2
"161","Wellingborough","E07000156","East Midlands",0.16,0.16,11.8,10.1,9.7,12.73,11.1,8.6,9.8,13.2,5,6,8,6,5,8,6,3,5,6,4,4,5,6,6
"162","Barnet","E09000003","London",0.11,0.11,9.7,9.7,10.1,9.2,9.7,12.4,11.8,13.23,2,3,5,5,5,3,4,9,9,6,2,2,3,3,3
"163","South Norfolk","E07000149","East of England",0.19,0.18,8.4,8.1,10,9.27,9.5,9.4,10.6,13.26,7,8,4,3,5,3,4,5,7,6,4,4,5,5,5
"164","Erewash","E07000036","East Midlands",0.18,0.17,12.6,10.4,9.4,13,12.3,9.2,10.3,13.31,7,7,9,7,4,9,8,4,6,6,3,5,6,7,7
"165","Harlow","E07000073","East of England",0.13,0.09,6.4,7.3,7.1,6.44,7.9,8.1,7.5,13.33,4,2,1,2,1,1,2,2,2,6,1,1,1,1,1
"166","Bury","E08000002","North West",0.19,0.16,10.3,10.1,10.4,11.21,11.6,11.7,10.6,13.35,7,6,6,6,6,6,7,8,7,6,3,5,6,7,7
"167","Thurrock","E06000034","East of England",0.14,0.11,7.5,8.7,7.4,6.76,8.6,9.1,8.7,13.36,4,3,2,4,2,1,3,4,3,6,2,2,2,2,2
"168","Babergh","E07000200","East of England",0.18,0.17,9.1,8.9,10.3,9.62,9.8,9.9,11,13.42,7,7,4,4,6,4,4,5,7,6,4,4,5,5,5
"169","Mid Suffolk","E07000203","East of England",0.19,0.18,9.1,8.7,10.9,10.24,9.6,9.3,10.8,13.48,7,8,4,4,7,5,4,4,7,6,4,4,5,5,5
"170","York","E06000014","Yorkshire and the Humber",0.16,0.16,9.1,9,10.7,11.55,10.5,8.9,8.5,13.49,5,6,4,4,7,7,5,3,3,6,4,4,5,5,5
"171","Derbyshire Dales","E06000015","East Midlands",0.24,0.27,16,12.8,10.7,14.44,13.2,10.8,11.6,13.5,10,10,10,9,7,10,9,6,8,6,3,3,4,4,4
"172","North East Derbyshire","E07000038","East Midlands",0.19,0.19,11.9,9,8.7,11.05,11.4,8.4,10.4,13.5,7,9,8,4,3,6,7,3,6,6,4,4,5,5,5
"173","Westminster","E09000033","London",0.1,0.08,8.4,9.9,12.9,9.36,9.3,11.4,11.7,13.56,1,1,4,6,9,4,4,7,8,6,2,2,3,3,3
"174","Stratford-on-Avon","E07000221","West Midlands",0.2,0.17,12.4,10.5,12.1,13.62,10.5,9.6,10.2,13.59,8,7,9,7,8,9,5,5,6,6,3,5,6,7,7
"175","East Cambridgeshire","E07000009","East of England",0.14,0.13,7.2,7.3,8,7.35,8.5,8.3,9.9,13.66,4,4,2,2,2,1,3,3,5,6,2,2,2,2,2
"176","Camden","E09000007","London",0.1,0.09,8.8,9.9,13.1,9.93,8.9,11.7,11.9,13.72,1,2,4,6,9,4,3,8,9,6,2,2,3,3,3
"177","Watford","E07000103","East of England",0.15,0.12,10.3,10.2,8.6,7.98,10.3,10.2,8.5,13.73,5,4,6,6,3,2,5,6,3,6,4,4,5,6,6
"178","Bristol, City of","E06000023","South West",0.15,0.14,11.1,13.2,13.6,12.85,10.8,11.7,9.8,13.76,5,5,7,10,10,9,6,8,5,6,4,4,5,6,6
"179","Sefton","E08000014","North West",0.21,0.19,11.4,10.9,11.2,10.94,12.7,13.1,12.5,13.77,9,9,8,7,7,6,9,9,9,6,3,5,6,7,7
"180","Hillingdon","E09000017","London",0.11,0.1,9.1,9.3,9.1,9.63,10,11.5,10.1,13.83,2,3,4,5,4,4,4,8,6,6,2,2,3,3,3
"181","Corby","E07000150","East Midlands",0.16,0.14,9.6,8,8.2,11.46,10.5,8.1,8.9,13.84,5,5,5,3,3,7,5,2,4,6,2,2,3,3,3
"182","Wirral","E08000015","North West",0.21,0.19,11.2,10.6,10.9,11.18,13.1,13.5,12.2,13.86,9,9,7,7,7,6,9,9,9,6,3,5,6,7,7
"183","Newark and Sherwood","E07000175","East Midlands",0.19,0.2,12.7,9.5,10.1,11.88,11.5,9.1,11.2,13.88,7,9,9,5,6,7,7,4,8,6,3,5,6,7,7
"184","Bedford","E06000055","East of England",0.15,0.14,9.9,10.1,9.2,8.47,10.1,11.1,10.1,13.92,5,5,5,6,4,3,5,7,6,6,4,4,5,5,5
"185","East Riding of Yorkshire","E06000011","Yorkshire and the Humber",0.18,0.18,8.3,8.2,10.1,10.16,9.7,8.5,9.4,13.95,7,8,3,3,6,5,4,3,4,6,4,4,5,5,5
"186","Amber Valley","E07000032","East Midlands",0.19,0.19,13.2,10.3,10.1,12.58,12.4,8.8,10.5,13.96,7,9,9,7,6,8,8,3,6,6,3,5,6,7,7
"187","Darlington","E07000096","North East",0.21,0.19,7.5,7.8,7.3,6.69,8,8.4,7.4,13.98,9,9,2,3,2,1,2,3,2,7,2,2,2,2,2
"188","Halton","E06000006","North West",0.18,0.15,9.2,9.2,9.7,10.77,12.8,11.8,10.9,14.03,7,5,5,5,5,5,9,8,7,7,3,5,6,7,7
"189","Wychavon","E07000238","West Midlands",0.19,0.17,12.1,10.6,11.1,12.7,10.7,9.5,10.3,14.07,7,7,9,7,7,8,6,5,6,7,3,5,6,7,7
"190","Northumberland","E06000057","North East",0.23,0.21,11.8,11.4,13.3,13.08,12.8,11.1,9.8,14.12,10,10,8,8,10,9,9,7,5,7,3,5,6,7,7
"191","St. Helens","E08000013","North West",0.2,0.17,10.1,9.7,10.3,10.9,12.7,12.4,11.3,14.15,8,7,6,5,6,6,9,9,8,7,3,5,6,7,7
"192","Hammersmith and Fulham","E09000013","London",0.11,0.09,9.2,10.3,13.6,10.66,8.4,11.7,11.3,14.16,2,2,5,7,10,5,2,8,8,7,3,5,6,7,7
"193","Hambleton","E07000164","Yorkshire and the Humber",0.19,0.21,9.1,8.6,13.2,10.66,9.4,8.3,9.5,14.17,7,10,5,4,9,5,4,3,5,7,4,4,5,5,5
"194","Tower Hamlets","E09000030","London",0.08,0.06,7.3,7.6,8.1,10.56,9.2,11.2,9.5,14.19,1,1,2,2,3,5,3,7,5,7,2,2,3,3,3
"195","Wigan","E08000010","North West",0.2,0.16,9.4,9.1,9.9,10.94,12.2,11.9,10.8,14.22,8,6,5,5,5,6,8,8,7,7,3,5,6,7,7
"196","Barrow-in-Furness","E07000027","North West",0.21,0.19,13.1,14.4,12.3,13.49,15.3,15.1,14.4,14.27,9,9,9,10,9,9,10,10,10,7,3,3,4,4,4
"197","Stafford","E07000197","West Midlands",0.2,0.16,12.4,11.2,11,12.5,11.5,10.1,9.9,14.27,8,6,9,8,7,8,7,5,5,7,3,5,6,7,7
"198","Eden","E07000030","North West",0.29,0.28,13,11.4,16.4,12.78,11.2,11.9,14.7,14.29,10,10,9,8,10,9,7,8,10,7,3,5,6,7,7
"199","South Holland","E07000140","East Midlands",0.2,0.19,10.5,7.9,8.9,11.63,11.8,7.7,11.6,14.31,8,9,6,3,4,7,7,2,8,7,3,5,6,7,7
"200","Tamworth","E07000199","West Midlands",0.16,0.11,10.1,10.1,9.3,10.76,11.1,9.7,8.8,14.4,6,3,6,6,4,5,6,5,3,7,4,4,5,5,5
"201","West Lindsey","E07000142","East Midlands",0.2,0.22,12.8,9.9,11,12.74,12.2,9.3,12.8,14.4,8,10,9,6,7,8,8,4,10,7,3,5,6,7,7
"202","Redcar and Cleveland","E06000003","North East",0.21,0.19,11.4,12.1,11.8,12.76,14.3,12.1,10.3,14.42,9,9,8,9,8,8,10,8,6,7,3,5,6,7,7
"203","Harrow","E09000015","London",0.11,0.1,11.7,11.3,10.3,11.78,11.8,13.6,11.7,14.48,2,3,8,8,6,7,7,10,8,7,3,5,6,7,7
"204","Lancaster","E07000121","North West",0.21,0.2,12,11.6,11.8,12.76,13,13.6,13.8,14.51,9,9,9,8,8,9,9,10,10,7,3,3,4,4,4
"205","Redditch","E07000236","West Midlands",0.17,0.12,10.4,9.7,9,10.46,10.6,9.3,8.3,14.59,6,4,6,5,4,5,5,4,3,7,4,4,5,5,5
"206","Southwark","E09000028","London",0.09,0.07,6.4,8,8.9,8.75,8.8,9.1,9.9,14.64,1,1,1,3,4,3,3,4,5,7,2,2,3,3,3
"207","Rugby","E07000220","West Midlands",0.2,0.16,12.4,10.9,10.4,11.82,11.1,10.3,9.2,14.65,8,6,9,7,6,7,6,6,4,7,3,5,6,7,7
"208","Tameside","E08000008","North West",0.2,0.16,10.4,9.8,10.2,11.89,11.8,11.8,10.7,14.66,8,6,6,6,6,7,8,8,7,7,3,5,6,7,7
"209","Merton","E09000024","London",0.1,0.08,8.6,9.9,10.6,10.16,9.4,11.1,11.2,14.7,2,1,4,6,6,5,4,7,8,7,2,2,3,3,3
"210","Carlisle","E07000028","North West",0.22,0.2,10.9,10.1,11.9,12.25,12.3,12.1,12,14.72,9,10,7,6,8,8,8,8,9,7,3,5,6,7,7
"211","South Tyneside","E08000023","North East",0.21,0.18,11,11.3,11.8,12.27,13.2,11.2,8.7,14.74,9,8,7,8,8,8,9,7,3,7,3,5,6,7,7
"212","Hartlepool","E06000001","North East",0.2,0.19,11.6,12.2,11.8,12.83,14.7,12.6,10.1,14.75,8,9,8,9,8,9,10,9,6,7,3,5,6,7,7
"213","Bolton","E08000001","North West",0.2,0.16,11.4,11,10.5,12.48,12.9,13.5,11.9,14.76,8,6,8,8,6,8,9,10,9,7,3,5,6,7,7
"214","Islington","E09000019","London",0.1,0.08,7.4,8.6,11.1,9.76,8.4,10.4,11,14.76,2,1,2,4,7,4,2,6,7,7,2,2,3,3,3
"215","Southend-on-Sea","E06000033","East of England",0.19,0.17,9.2,9.8,9,8.36,10.1,11.4,9.3,14.78,7,7,5,6,4,2,5,7,4,7,4,4,5,5,5
"216","Ealing","E09000009","London",0.11,0.09,10.8,11,11.2,11.37,10.5,13.6,12.6,14.84,2,2,7,8,7,6,5,10,9,7,3,5,6,7,7
"217","Rossendale","E07000125","North West",0.21,0.18,10.7,10.3,11.1,12.18,12.2,12.1,11.3,14.84,9,8,7,7,7,7,8,8,8,8,3,5,6,7,7
"218","Chesterfield","E07000034","East Midlands",0.2,0.19,13,10,9.6,12.25,11.9,9.4,10.4,14.91,8,9,9,6,5,8,8,5,6,8,4,4,5,5,5
"219","Cambridge","E07000008","East of England",0.16,0.15,13.2,12.1,11.3,10.7,11.5,12.3,11.1,14.92,6,6,9,9,7,5,7,9,8,8,3,5,6,7,7
"220","Bassetlaw","E07000171","East Midlands",0.2,0.2,12.7,9.7,10.4,11.6,11.4,9.1,11.3,14.93,8,10,9,5,6,7,7,4,8,8,3,5,6,7,7
"221","Breckland","E07000143","East of England",0.2,0.17,8.5,8.5,10.2,9.52,10.3,10,11.3,15.07,8,7,4,4,6,4,5,5,8,8,4,4,5,5,5
"222","Gateshead","E08000037","North East",0.23,0.19,11,10.9,11.2,12.65,12.8,10.8,8.6,15.07,10,9,7,7,7,8,9,6,3,8,3,3,4,4,4
"223","Malvern Hills","E07000235","West Midlands",0.24,0.22,15.2,12.6,14.1,15.55,12.6,11.3,12.2,15.11,10,10,10,9,10,10,9,7,9,8,3,3,4,4,4
"224","Preston","E07000123","North West",0.2,0.17,13,12.9,12.4,13.99,14.1,15.1,13.4,15.11,8,7,9,9,9,10,10,10,10,8,3,3,4,4,4
"225","Ashfield","E07000170","East Midlands",0.19,0.18,12.5,9.5,9.3,11.86,11.8,9.3,10.6,15.21,7,8,9,5,4,7,8,4,7,8,3,5,6,7,7
"226","Peterborough","E06000031","East of England",0.16,0.13,9.6,9.7,8.5,7.75,10.6,11.4,9.5,15.21,6,4,5,5,3,2,6,7,5,8,4,4,5,5,5
"227","Oldham","E08000004","North West",0.2,0.16,11.2,10.7,10.7,12.05,11.8,12.9,11.7,15.22,8,6,7,7,7,7,8,9,9,8,3,5,6,7,7
"228","Sunderland","E08000024","North East",0.21,0.19,11.7,12.4,12.7,13.99,15.3,12.6,9.2,15.26,9,9,8,9,9,10,10,9,4,8,3,3,4,4,4
"229","Tendring","E07000076","East of England",0.22,0.19,8.6,9.4,8,7.38,10.6,11.4,10.9,15.27,9,9,4,5,2,1,6,8,7,8,4,4,5,5,5
"230","East Lindsey","E07000137","East Midlands",0.24,0.25,13.2,10.4,11.5,12.75,12.8,10.1,14.4,15.28,10,10,9,7,8,8,9,5,10,8,3,3,4,4,4
"231","Hounslow","E09000018","London",0.11,0.09,10.5,10.1,10,11.67,10.8,12.7,11.6,15.36,2,2,6,6,5,7,6,9,8,8,3,5,6,7,7
"232","Lincoln","E07000138","East Midlands",0.19,0.19,15.2,11.9,11.6,14.64,13.3,10.6,11,15.36,7,9,10,9,8,10,9,6,8,8,3,3,4,4,4
"233","Craven","E08000026","Yorkshire and the Humber",0.23,0.24,16.3,15.9,13,14.42,15.3,14.7,12.1,15.37,10,10,10,10,9,10,10,10,9,8,3,3,4,4,4
"234","Mansfield","E07000174","East Midlands",0.2,0.2,12.6,9.6,9.3,12.06,12,9.8,10.7,15.38,8,10,9,5,4,7,8,5,7,8,3,5,6,7,7
"235","Redbridge","E09000026","London",0.12,0.1,10.8,11.5,10.6,11.47,11.3,13.7,12.7,15.43,3,3,7,8,6,7,7,10,10,8,3,5,6,7,7
"236","Worcester","E07000237","West Midlands",0.18,0.14,13.1,12.1,10.7,12.11,12.7,11.1,9.9,15.44,7,5,9,9,7,7,9,7,5,8,3,5,6,7,7
"237","Knowsley","E08000011","North West",0.2,0.15,10.2,10.4,10.7,11.06,14.6,13.9,12.7,15.48,8,6,6,7,7,6,10,10,10,8,3,5,6,7,7
"238","Wyre Forest","E07000239","West Midlands",0.2,0.15,13.5,12.2,11.1,12.58,12.5,11.2,10.4,15.5,8,6,10,9,7,8,8,7,6,8,3,5,6,7,7
"239","Durham UA","E08000027","North East",0.22,0.2,14.3,12.8,10.4,11.84,13.3,11.7,10.6,15.52,9,10,10,9,6,7,9,8,7,8,3,3,4,4,4
"240","Hyndburn","E07000120","North West",0.22,0.19,13.2,14,13,14.42,14.1,15.4,13.1,15.56,9,9,9,10,9,10,10,10,10,8,3,3,4,4,4
"241","Telford and Wrekin","E06000020","West Midlands",0.17,0.13,11,10.8,10.1,11.65,12.1,11,9.4,15.56,6,4,7,7,6,7,8,7,4,8,3,5,6,7,7
"242","Derby","E07000151","East Midlands",0.19,0.19,10.6,8.5,10.6,10.61,9.6,7.4,10.2,15.58,7,9,6,4,6,5,4,1,6,8,4,4,5,5,5
"243","Salford","E08000006","North West",0.21,0.16,10.7,9.9,10.8,11.43,12.3,12.8,11.2,15.61,9,6,7,6,7,6,8,9,8,8,3,5,6,7,7
"244","Copeland","E07000029","North West",0.22,0.19,10.5,9.8,11.2,10.9,12.1,11.7,13.6,15.71,9,9,6,6,7,6,8,8,10,8,3,5,6,7,7
"245","Rochdale","E08000005","North West",0.2,0.16,11.5,11.3,11.4,12.35,12.8,13.6,12.2,15.73,8,6,8,8,8,8,9,10,9,8,3,5,6,7,7
"246","Lambeth","E09000022","London",0.11,0.08,7.5,9.2,10.8,10.05,8.9,10.3,11.2,15.78,2,1,2,5,7,4,3,6,8,8,2,2,3,3,3
"247","North Norfolk","E07000147","East of England",0.24,0.22,11.2,10.4,12,11.25,11.1,11.6,13.5,15.78,10,10,7,7,8,6,6,8,10,9,3,3,4,4,4
"248","Fenland","E07000010","East of England",0.19,0.16,8.2,7.9,7.5,6.96,10.8,10.1,10.8,15.81,7,6,3,3,2,1,6,6,7,9,3,5,6,7,7
"249","Luton","E06000032","East of England",0.17,0.14,13.4,13.4,9.6,8.89,11.8,13.9,11.6,16.05,6,5,9,10,5,3,8,10,8,9,3,5,6,7,7
"250","Nuneaton and Bedworth","E07000219","West Midlands",0.2,0.14,11.9,11.1,9.8,11.25,12,10.8,9.6,16.05,8,5,8,8,5,6,8,6,5,9,4,4,5,6,6
"251","Cannock Chase","E07000192","West Midlands",0.19,0.14,11.1,10.2,9.1,10.51,12.5,10.8,9.9,16.06,8,5,7,6,4,5,9,6,5,9,4,4,5,6,6
"252","North Lincolnshire","E06000013","Yorkshire and the Humber",0.19,0.17,8.6,8.2,10.2,10.85,11.1,9.1,9.8,16.09,8,7,4,3,6,6,7,4,5,9,4,4,5,5,5
"253","Ryedale","E07000167","Yorkshire and the Humber",0.25,0.26,11.9,10.6,15.9,13.31,11.2,10,11.7,16.13,10,10,8,7,10,9,7,5,9,9,3,5,6,7,7
"254","Allerdale","E07000026","North West",0.24,0.22,11.3,10.5,12.7,11.35,12.3,11.9,13.8,16.14,10,10,7,7,9,6,8,8,10,9,3,3,4,4,4
"255","Staffordshire Moorlands","E07000198","West Midlands",0.25,0.19,13.5,12.1,11.5,12.95,12.4,10.8,11.4,16.16,10,9,10,9,8,9,8,7,8,9,3,3,4,4,4
"256","North Warwickshire","E07000218","West Midlands",0.2,0.15,11.8,10.7,10.3,11.87,11.2,9.8,10.6,16.22,8,6,8,7,6,7,7,5,7,9,3,5,6,7,7
"257","Bolsover","E07000033","East Midlands",0.21,0.2,12.4,9.8,9.9,11.62,11.7,9.3,10.8,16.24,9,10,9,6,5,7,7,4,7,9,3,5,6,7,7
"258","Richmondshire","E07000166","Yorkshire and the Humber",0.24,0.24,10.7,9.6,15.2,12.28,9.5,9,10.4,16.25,10,10,7,5,10,8,4,4,6,9,3,3,4,4,4
"259","Blackpool","E06000009","North West",0.24,0.21,13.5,14.1,13.2,13.45,15.9,17.5,15.2,16.26,10,10,10,10,9,9,10,10,10,9,3,3,4,4,4
"260","Boston","E07000136","East Midlands",0.23,0.22,13.2,10.5,11.4,13.89,13.7,9.9,12,16.37,10,10,9,7,8,9,10,5,9,9,3,3,4,4,4
"261","Newcastle upon Tyne","E08000021","North East",0.21,0.19,13.4,13,13.3,14.82,14.4,13,10.6,16.37,9,9,10,9,10,10,10,9,7,9,3,3,4,4,4
"262","Enfield","E09000010","London",0.12,0.1,8.8,10.6,10.6,9.29,11.3,12.6,12.7,16.39,3,3,4,7,6,3,7,9,10,9,3,5,6,7,7
"263","Great Yarmouth","E07000145","East of England",0.21,0.18,10.7,11.3,10.5,9.83,12.8,13.2,12.7,16.39,9,8,7,8,6,4,9,9,10,9,3,5,6,7,7
"264","Blackburn with Darwen","E06000008","North West",0.21,0.18,14,13.6,12.4,13.96,14.4,16.5,14.6,16.4,9,8,10,10,9,9,10,10,10,9,3,3,4,4,4
"265","Burnley","E07000117","North West",0.22,0.19,13.5,14.2,13.5,14.65,15.1,16.4,13.6,16.4,9,9,10,10,10,10,10,10,10,9,3,3,4,4,8
"266","Croydon","E07000226","London",0.11,0.1,5.8,6.7,6.8,8.46,7.7,6.9,6.6,16.43,2,3,1,1,1,3,1,1,1,9,1,1,1,1,1
"267","Hackney","E09000012","London",0.11,0.09,8.1,9.4,10.5,9.82,10.2,11.9,12.2,16.47,2,2,3,5,6,4,5,8,9,9,2,2,3,3,3
"268","Shropshire UA","E06000051","West Midlands",0.25,0.21,15.4,13.2,14.6,16.02,13.1,11.8,12.3,16.48,10,10,10,10,10,10,9,8,9,9,3,3,4,4,8
"269","Middlesbrough","E06000002","North East",0.23,0.21,15.1,15.4,14.3,15.61,17,15.4,11.9,16.52,10,10,10,10,10,10,10,10,9,9,3,3,4,4,8
"270","Herefordshire, County of","E06000019","West Midlands",0.27,0.24,16.4,14.1,15.1,16.65,13.5,12.2,12.9,16.54,10,10,10,10,10,10,9,9,10,9,3,3,4,4,8
"271","Greenwich","E09000011","London",0.11,0.09,8.3,9.2,9.9,9.2,10,11.3,11.1,16.66,2,2,3,5,5,3,5,7,8,9,2,2,3,3,3
"272","Calderdale","E08000033","Yorkshire and the Humber",0.2,0.19,11.6,11.7,12.2,13.55,12.2,10.7,10.2,16.7,8,9,8,8,8,9,8,6,6,9,3,5,6,7,7
"273","North East Lincolnshire","E06000012","Yorkshire and the Humber",0.2,0.18,10.1,10.8,12.3,12.22,12.9,11.5,10.1,16.7,8,8,6,7,9,7,9,8,6,9,3,5,6,7,7
"274","East Staffordshire","E07000193","West Midlands",0.22,0.17,14.6,13.9,12.3,13.79,14,12.6,11.2,16.76,9,7,10,10,9,9,10,9,8,9,3,3,4,4,4
"275","Scarborough","E07000168","Yorkshire and the Humber",0.23,0.23,12.1,11.7,13.8,12.34,12.1,11.6,12.1,16.76,10,10,9,8,10,8,8,8,9,9,3,3,4,4,4
"276","Kirklees","E08000034","Yorkshire and the Humber",0.19,0.18,12,11.8,11.6,13.97,13.1,11.4,10.6,16.81,8,8,9,9,8,10,9,8,7,9,3,5,6,7,7
"277","Leeds","E08000035","Yorkshire and the Humber",0.17,0.16,11.6,11.6,11.9,13.5,13.1,11.1,10.3,16.82,6,6,8,8,8,9,9,7,6,10,3,5,6,7,7
"278","Dudley","E07000108","West Midlands",0.21,0.15,9.3,9.5,9.8,10.76,9.9,10.1,10.1,16.93,9,6,5,5,5,5,4,6,6,10,4,4,5,5,5
"279","King's Lynn and West Norfolk","E07000146","East of England",0.21,0.19,9.2,8.8,10.8,10.1,11,10.7,12.2,16.96,9,9,5,4,7,5,6,6,9,10,4,4,5,5,5
"280","Rotherham","E08000018","Yorkshire and the Humber",0.18,0.17,9.8,9,10.5,10.63,11.4,10.1,9.5,17.05,7,7,5,4,6,5,7,6,5,10,4,4,5,5,5
"281","Pendle","E07000122","North West",0.24,0.21,15,15.7,14,15.82,15.8,17.3,15.2,17.28,10,10,10,10,10,10,10,10,10,10,3,3,4,4,8
"282","Brent","E09000005","London",0.12,0.1,11.6,12,11.7,13.1,12.9,14.9,13.7,17.29,3,3,8,9,8,9,9,10,10,10,3,3,4,4,4
"283","Ipswich","E07000202","East of England",0.19,0.15,11.8,11.5,9.5,8.86,12.1,12.8,10.6,17.34,8,6,8,8,5,3,8,9,7,10,3,5,6,7,7
"284","Wakefield","E08000036","Yorkshire and the Humber",0.19,0.17,9.3,8.6,10.2,10.93,11.2,9.5,8.8,17.34,8,7,5,4,6,6,7,5,3,10,4,4,5,5,5
"285","Sheffield","E08000019","Yorkshire and the Humber",0.18,0.18,11.3,10.9,12.4,12.32,12.2,10.7,10.4,17.46,7,8,7,7,9,8,8,6,6,10,3,5,6,7,7
"286","Doncaster","E07000035","Yorkshire and the Humber",0.2,0.18,15.6,11.3,12.2,12.41,10.9,8.9,12.6,17.78,9,8,10,8,8,8,6,4,9,10,3,5,6,7,7
"287","Newcastle-under-Lyme","E07000195","West Midlands",0.22,0.17,13.4,12.1,11.3,12.78,12.9,11.3,10.9,18.04,10,8,10,9,7,9,9,7,7,10,3,5,6,7,7
"288","Liverpool","E08000012","North West",0.23,0.19,14.4,14.5,14.3,14.34,17,17.6,15.6,18.14,10,9,10,10,10,10,10,10,10,10,3,3,4,4,8
"289","Lewisham","E09000023","London",0.11,0.09,8,10,10.5,10.2,10.7,10.9,12.1,18.23,2,2,3,6,6,5,6,7,9,10,3,5,6,7,7
"290","Haringey","E09000014","London",0.12,0.1,10.1,11.9,13.3,12.57,12.6,14.5,14.4,18.25,3,3,6,9,10,8,9,10,10,10,3,3,4,4,4
"291","Bradford","E08000032","Yorkshire and the Humber",0.19,0.18,14.2,14.1,13.2,15.04,14.3,13.5,12.4,18.35,8,8,10,10,9,10,10,10,9,10,3,3,4,4,4
"292","Nottingham","E06000018","East Midlands",0.22,0.21,18.4,14,12.6,15.83,14.6,12.6,13.9,18.49,10,10,10,10,9,10,10,9,10,10,3,3,4,4,4
"293","Barnsley","E08000016","Yorkshire and the Humber",0.2,0.18,9.7,9.2,11.3,11.34,12.2,10.7,9.7,18.64,9,8,5,5,7,6,8,6,5,10,4,4,5,6,6
"294","Norwich","E07000148","East of England",0.18,0.14,12.2,11.5,10.5,9.88,12.3,12.9,11.1,18.74,7,5,9,8,6,4,8,9,8,10,3,5,6,7,7
"295","Coventry","E06000047","West Midlands",0.21,0.16,11.4,11.5,12.2,13.33,14,11.8,9.8,18.78,9,6,8,8,9,9,10,8,5,10,3,5,6,7,7
"296","Leicester","E06000016","East Midlands",0.21,0.2,21.3,16.6,13.5,18.19,15.2,13.9,14.6,18.98,9,10,10,10,10,10,10,10,10,10,3,3,4,4,8
"297","Walsall","E08000030","West Midlands",0.23,0.17,16.2,14.3,11.7,13.18,14.4,13.7,11.8,19.35,10,8,10,10,8,9,10,10,9,10,3,3,4,4,4
"298","Kingston upon Hull, City of","E06000010","Yorkshire and the Humber",0.18,0.16,11.1,11.7,13.2,13.81,13.8,12,10.6,19.57,7,7,7,9,9,9,10,8,7,10,3,3,4,4,4
"299","Manchester","E08000003","North West",0.22,0.18,15.9,14.9,14.5,15.29,16.2,17.9,15.5,19.84,10,8,10,10,10,10,10,10,10,10,3,3,4,4,8
"300","Sandwell","E08000028","West Midlands",0.24,0.18,18,16.4,12.8,14.3,16.9,15.2,12,20.95,10,8,10,10,9,10,10,10,9,10,3,3,4,4,4
"301","Waltham Forest","E09000031","London",0.13,0.1,11,12.1,12.1,13.22,13.5,14.6,14.2,21.06,4,3,7,9,8,9,9,10,10,10,3,3,4,4,4
"302","Wolverhampton","E08000031","West Midlands",0.24,0.18,18.3,16.3,13.1,14.58,15.2,14.4,12.7,21.13,10,8,10,10,9,10,10,10,10,10,3,3,4,4,4
"303","Birmingham","E08000025","West Midlands",0.23,0.18,20.1,18.9,14.1,15.57,16.8,16.2,14.2,21.16,10,8,10,10,10,10,10,10,10,10,3,3,4,4,8
"304","Newham","E09000025","London",0.12,0.1,13.8,14.9,13.6,15.66,15.3,19.1,16.1,21.71,3,3,10,10,10,10,10,10,10,10,3,3,4,4,8
"305","Stoke-on-Trent","E06000021","West Midlands",0.25,0.18,16.1,14.7,12.5,14.02,15.4,14.7,12.4,21.82,10,8,10,10,9,10,10,10,9,10,3,3,4,4,4
"306","Barking and Dagenham","E09000002","London",0.14,0.1,10.1,11.1,10.6,10.03,11.6,13.2,12.3,22.47,4,3,6,8,6,4,7,9,9,10,3,5,6,7,7
