LAName,LACode,English region,2010,2011,2012,2013,2014,2015,2016,2017,2018,2019
Basildon,E07000066,East of England,13,9.9,6.1,7,6.3,5.66,7.8,8.4,7.8,11.82
Basingstoke and Deane,E07000084,South East,8.4,7.2,5.7,5.9,6.9,7.89,7.1,6.5,6.1,6.27
Bracknell Forest,E06000036,South East,7.3,5.8,4.9,5.6,5.8,6.94,6.5,5.8,5.2,5.35
Broxbourne,E07000095,East of England,12.9,10.2,6.3,7.5,6.6,5.99,7.4,8.1,7.5,10.56
Cherwell,E07000177,South East,9.7,8.3,6.6,7.2,8.3,9.27,8,7.8,7.4,7.22
City of London,E09000001,London,4.6,3.4,2.4,3.9,5.7,4.85,4.9,4.2,5.5,6.36
Crawley,E07000163,South East,8.4,6.3,11.3,10.7,13.6,12.54,10.4,9.4,10.6,7.46
Croydon,E07000226,London,11.3,9.8,5.8,6.7,6.8,8.46,7.7,6.9,6.6,16.43
East Hampshire,E07000085,South East,10.6,10.2,6.6,6.5,7.2,7.75,7.5,7.2,7,5.97
Eastleigh,E07000086,South East,9,7.8,5.8,6.4,6.1,8.19,7.8,7.2,6.3,6.04
Elmbridge,E07000207,South East,9.7,9.5,7.4,7,7.3,6.31,7.8,7.7,5.8,5.29
Epsom and Ewell,E07000208,South East,11.1,10.3,8,7.9,7.4,7.53,8.5,7.7,6.6,6.47
Fareham,E07000087,South East,9.7,8.4,5.2,5.9,5.6,7.55,7.2,6.8,5.9,5.35
Gosport,E07000088,South East,10.8,8.7,6.7,7.6,7.6,9.75,8.5,8.2,7.2,7.7
Hart,E07000089,South East,7.7,7.4,5.5,6.1,6.3,7.51,7,6.7,5.5,4.77
Horsham,E07000227,South East,10.4,10.2,6.8,6.8,7.6,7.66,7.6,7.3,7.2,5.98
Huntingdonshire,E07000011,East of England,11.3,10,6.3,7,6.7,6.09,8.3,8.1,8.4,11.35
Mid Sussex,E07000228,South East,10.6,10.2,6.7,6.9,7.6,8.06,7.8,7.5,6.5,5.78
Milton Keynes,E06000042,South East,7.9,6.2,5.4,6.3,6,7.93,7.5,6.9,5.9,6.33
Mole Valley,E07000210,South East,12,11.5,7.7,7.3,7.6,7.68,8.1,7.9,6.8,6.16
New Forest,E07000091,South East,12.7,11.9,6.6,6.9,6.8,8.14,8.5,8,7.6,6.16
Reigate and Banstead,E07000211,South East,10,8.9,6.9,7,7.2,7.52,7.9,7.4,6,6.13
Runnymede,E07000212,South East,10.3,8.9,7.3,7.6,7.5,8.27,8.1,7.8,6.4,6.27
Rushmoor,E07000092,South East,8.7,7.1,6.6,7,7.1,9.03,8,7.5,6.4,7.71
Selby,E07000169,Yorkshire and the Humber,14.9,14.6,7,6.9,9.4,9.17,8.8,7.1,8.3,13.19
South Gloucestershire,E06000025,South West,10.7,9.9,6.7,9.1,9.5,8.76,7.5,8.2,6.7,7.97
South Oxfordshire,E07000179,South East,10.8,10.2,7.1,7.4,8.3,8.52,7.9,7.7,7.3,6.4
Southwark,E09000028,London,9.2,7.3,6.4,8,8.9,8.75,8.8,9.1,9.9,14.64
Spelthorne,E07000213,South East,10.5,8.7,6.4,7.1,7,7.68,7.5,7.1,6,6.6
Stevenage,E07000243,East of England,12.4,8.8,6.3,7.3,7.1,6.43,7.7,8,7.4,12.04
Surrey Heath,E07000214,South East,8.7,8,6.2,6.6,6.6,7.64,7.7,7.2,5.6,5.08
Tandridge,E07000215,South East,11.5,10.9,7.5,7,7,7.59,7.9,7.6,6.5,5.87
Test Valley,E07000093,South East,10.1,9.2,6.6,6.6,8.4,8.31,7.6,7.3,6.9,6.43
Tonbridge and Malling,E07000115,South East,10.1,9,7.2,7.3,7.5,8.31,8.1,7.9,7.3,6.95
Tower Hamlets,E09000030,London,8,6,7.3,7.6,8.1,10.56,9.2,11.2,9.5,14.19
Vale of White Horse,E07000180,South East,10.5,9.7,6.9,7.1,8,8.36,7.9,7.4,6.9,6.49
Wandsworth,E09000032,London,9,7.3,7,8.3,10.7,9.84,7.2,9.8,10.1,13.15
Waverley,E07000216,South East,12.1,11.8,7.8,7.4,7.8,7.85,8.3,8,6.8,6.21
West Berkshire,E06000037,South East,9.6,8.7,6.6,6.6,8.3,8.39,7.5,7.2,6.6,6.29
West Oxfordshire,E07000181,South East,11,10.4,6.9,6.9,8.5,8.67,7.6,7.3,7.4,6.85
Westminster,E09000033,London,9.5,8.3,8.4,9.9,12.9,9.36,9.3,11.4,11.7,13.56
Winchester,E07000094,South East,11.2,10.7,7.6,7.5,8.6,8.66,8.4,8.1,7.8,6.54
Windsor and Maidenhead,E06000040,South East,10.1,9.2,7.4,7.6,8.2,8.19,8.1,7.8,6.1,5.91
Woking,E07000217,South East,9.3,8.2,6.8,6.9,6.6,7.74,8,7.5,6.1,5.96
Wokingham,E06000041,South East,7.8,7.2,5.6,6.2,6.1,7.07,7.1,6.7,5.4,4.67
Adur,E07000223,South East,13.6,11.3,6.8,7.3,6.8,8.63,8.5,8.5,7.7,7.77
Arun,E07000224,South East,13.4,12.1,6.7,7.5,7.2,8.83,8.8,8.6,7.9,7.17
Ashford,E07000105,South East,12.4,11.1,7.6,7.6,8.3,9.46,8.9,8.4,8.5,7.64
Bath and North East Somerset,E06000022,South West,13.6,13.7,9.5,12.1,13.2,12.39,9.6,10.9,9.1,10.25
Bexley,E09000004,London,11.8,10,7.6,8.2,8.5,7.64,8.2,9.8,9,12.84
Blaby,E07000129,East Midlands,14,14.2,9.6,8,7.2,10.02,9.1,7,8.4,9.66
Braintree,E07000067,East of England,14.9,12.8,8.1,8.2,8.4,7.71,8.8,9,9.3,13.07
Brentwood,E07000068,East of England,15,13.7,7.7,7.7,7,6.26,8.1,8.4,7.5,10.15
Brighton and Hove,E06000043,South East,13.5,12.2,10.7,11.9,12.3,12.7,11.4,11.7,11.2,10.48
Broadland,E07000144,East of England,16.3,15,6.7,7.1,7.2,6.57,8.9,8.8,9.5,11.39
Bromley,E09000006,London,11,10.1,7.1,7.6,8.5,6.91,8.1,9.1,8.6,11.89
Canterbury,E07000106,South East,14,12.7,8.9,9.4,9.3,10.92,10.6,10.6,10.1,8.72
Castle Point,E07000069,East of England,16.8,14.3,6.6,7.6,6.4,5.64,9.3,10,9,11.44
Central Bedfordshire UA,E06000056,East of England,12.6,10.9,7.2,7.7,7.3,6.67,8,8.4,8.4,11.58
Chelmsford,E07000070,East of England,13,11.5,7.2,7.4,6.9,6.17,7.9,8.1,7.9,10.59
Cheltenham,E07000078,South West,13.4,13,8.9,11,11.4,10.6,9.6,10.4,8.1,11
Chichester,E07000225,South East,14.7,14.3,8.7,8.3,9.5,9.34,9.3,9.3,9.5,7.54
Colchester,E07000071,East of England,14.3,12.8,8.3,8.4,7.8,7.12,9.5,10.1,9.4,12.8
Darlington,E07000096,North East,20.7,19.2,7.5,7.8,7.3,6.69,8,8.4,7.4,13.98
Daventry,E07000107,East Midlands,13.9,15.6,7.1,7.5,7.2,8.68,8.2,7.7,6.8,11.23
East Cambridgeshire,E07000009,East of England,13.7,12.5,7.2,7.3,8,7.35,8.5,8.3,9.9,13.66
East Hertfordshire,E07000242,East of England,12.7,11.7,7.5,7.3,7.5,6.9,7.6,7.8,7.3,10.4
East Riding of Yorkshire,E06000011,Yorkshire and the Humber,18.1,17.6,8.3,8.2,10.1,10.16,9.7,8.5,9.4,13.95
Eastbourne,E07000061,South East,12.5,11.1,7.9,8.5,8.6,9.52,9.4,9.7,8.5,8.47
Epping Forest,E07000072,East of England,15.8,13.6,8.2,8.3,7.8,7.15,8.1,9,8.2,11.26
Fenland,E07000010,East of England,19.2,16,8.2,7.9,7.5,6.96,10.8,10.1,10.8,15.81
Gloucester,E07000081,South West,13.5,12.2,8.8,10.7,9.6,8.8,9.4,10.3,7.9,10.42
Guildford,E07000209,South East,10.9,10.1,8,7.8,8,8.96,9.1,8.5,7.1,6.86
Harborough,E07000131,East Midlands,14.9,17.1,10.6,7.9,8.4,9.9,8.8,6.9,8.9,9.67
Harlow,E07000073,East of England,13.2,9,6.4,7.3,7.1,6.44,7.9,8.1,7.5,13.33
Hastings,E07000062,South East,14.6,13.1,10.8,11.8,11.8,11.34,11.8,13.3,11.5,10.79
Havant,E07000090,South East,11.6,9.6,6.7,7.4,6.8,9.04,9,8.6,7.8,7.45
Havering,E09000016,London,12.5,10.1,6.9,7.5,8.4,7.81,8,9.9,9,13.16
Hertsmere,E07000098,East of England,13.6,12.3,8,8.2,7.3,6.69,8.5,9,7.6,10.57
Kensington and Chelsea,E09000020,London,10,9.6,8.8,10.7,14.3,8.72,8.7,11.7,12.4,12.86
Lewes,E07000063,South East,13.3,12.2,7.2,7.7,8.2,8.48,8.8,8.8,8,7.07
Maidstone,E07000110,South East,12.5,10.8,7.9,7.8,8.1,9.69,8.8,8.5,8,7.74
Maldon,E07000074,East of England,15.3,14.3,7.9,8.3,9.1,8.47,9,9,10.7,12.13
North Hertfordshire,E07000099,East of England,13.9,12.1,8.4,8.2,8,7.34,8.5,8.8,7.8,12.11
Richmond upon Thames,E09000027,London,10,9.5,7.6,7.7,9.5,7.38,6.9,9.4,9.9,10.61
Rochford,E07000075,East of England,15.1,13.3,6.5,7.2,6.2,5.48,7.6,8.6,8.5,10
Sevenoaks,E07000111,South East,11.9,11.2,7.9,7.7,8.7,7.97,8.2,8.2,7.3,6.67
South Cambridgeshire,E07000012,East of England,12.8,12.4,7.3,7.1,7.9,7.24,8,8,8.3,10.31
South Northamptonshire,E07000155,East Midlands,13.5,15.4,10.1,8.1,9.5,10.32,9,6.8,9.7,10.49
South Ribble,E07000126,North West,16.6,14.9,7.9,7.9,7.8,9.93,10.5,9.5,9.3,10.75
St. Albans,E07000240,East of England,13.4,12.5,8,7.9,7.2,6.59,7.8,8.3,6.9,9.29
Sutton,E09000029,London,10.1,8.6,7.4,7.7,8.1,7.53,8.6,9.1,8.4,12.86
Swale,E07000113,South East,13.2,11,8.3,8.8,8.7,10.28,10,9.8,9.2,9.09
Swindon,E06000030,South West,11.7,10,7.6,9.8,9.8,8.98,8.8,9.1,6.8,9.63
Tewkesbury,E07000083,South West,12.7,12.7,7.5,9.1,9.4,8.52,8.4,8.8,7.4,8.38
Three Rivers,E07000102,East of England,14.1,12.7,8.4,8,7.1,6.36,8.1,8.8,7.4,10.69
Thurrock,E06000034,East of England,14.3,10.6,7.5,8.7,7.4,6.76,8.6,9.1,8.7,13.36
Wealden,E07000065,South East,15.2,14.8,7.8,7.4,8,8.53,8.5,8.3,8.5,6.7
Welwyn Hatfield,E07000241,East of England,13.8,11.3,8.7,8.6,8,7.38,9.2,9.9,8.3,12.01
Wiltshire UA,E06000054,South West,12.8,12.7,7.9,10,12.6,11.76,9,9.3,8.2,9.82
Worthing,E07000229,South East,13.1,11.8,7.8,8.3,8.1,9.19,9.3,9,7.9,8.2
Babergh,E07000200,East of England,18.3,17.2,9.1,8.9,10.3,9.62,9.8,9.9,11,13.42
Barnet,E09000003,London,11.3,10.6,9.7,9.7,10.1,9.2,9.7,12.4,11.8,13.23
Barnsley,E08000016,Yorkshire and the Humber,20.3,18.4,9.7,9.2,11.3,11.34,12.2,10.7,9.7,18.64
Bedford,E06000055,East of England,15.1,13.7,9.9,10.1,9.2,8.47,10.1,11.1,10.1,13.92
Breckland,E07000143,East of England,19.5,17.4,8.5,8.5,10.2,9.52,10.3,10,11.3,15.07
"Bristol, City of",E06000023,South West,15,13.6,11.1,13.2,13.6,12.85,10.8,11.7,9.8,13.76
Bromsgrove,E07000234,West Midlands,17.7,14.4,10.9,9.8,9.1,10.58,10,9,8.4,11.67
Broxtowe,E07000172,East Midlands,16.5,16.9,12,9.7,9.1,11.9,11.8,8.6,9.6,12.35
Cannock Chase,E07000192,West Midlands,19,13.9,11.1,10.2,9.1,10.51,12.5,10.8,9.9,16.06
Charnwood,E07000130,East Midlands,15.7,16.3,12.6,9.7,8.9,12.51,10.8,8.8,10.1,11.83
Cheshire East UA,E06000049,North West,18.2,17.1,9.5,8.8,10.1,10.01,10.8,10.5,9.8,10.89
Cheshire West and Chester UA and Chester UA,E06000050,North West,17.7,16.1,9.4,8.9,10,10.14,11.3,10.9,10.6,11.96
Chorley,E07000118,North West,16.8,14.8,8.2,8.2,8.7,9.81,10.6,9.8,10,11.87
Corby,E07000150,East Midlands,16.2,13.6,9.6,8,8.2,11.46,10.5,8.1,8.9,13.84
Cotswold,E07000079,South West,16.4,17.2,9.7,11.1,14.5,13.7,9.2,10.2,9.5,10.12
Dacorum,E09000008,East of England,13.4,11.3,8.8,9.9,9.7,10.04,10.7,11.5,11.2,10.98
Dudley,E07000108,West Midlands,20.9,15.3,9.3,9.5,9.8,10.76,9.9,10.1,10.1,16.93
East Devon,E07000040,South West,17.4,18.2,9.1,11,11.3,10.49,9.6,10.3,9.7,9.47
East Northamptonshire,E07000152,East Midlands,14.8,15.8,11,8.8,9.6,11.66,10.3,7.8,9.9,12.52
Forest of Dean,E07000080,South West,18.7,18,9.5,11.6,14.1,13.32,10.8,10.9,11.7,12.74
Fylde,E07000119,North West,18,17.7,8.1,8.1,8.8,8.54,9.7,10.2,9.7,11.19
Gateshead,E08000037,North East,22.6,19.2,11,10.9,11.2,12.65,12.8,10.8,8.6,15.07
Gedling,E07000173,East Midlands,16.2,16.6,11,9.1,8.7,11.43,11,8.3,9.4,11.49
Gravesham,E07000109,South East,12.7,10.1,8.9,9.6,9.1,10.82,10.1,10.1,8.8,9.4
Greenwich,E09000011,London,11.3,9.3,8.3,9.2,9.9,9.2,10,11.3,11.1,16.66
Hambleton,E07000164,Yorkshire and the Humber,19.4,20.6,9.1,8.6,13.2,10.66,9.4,8.3,9.5,14.17
Harrogate,E07000165,Yorkshire and the Humber,17.3,18.2,9.1,8.6,11.7,10.39,9.4,8.2,8.3,12.87
High Peak,E07000037,East Midlands,17.8,19,13.3,10.5,10.5,12.42,10.6,8.5,10.5,13.14
Hillingdon,E09000017,London,11.2,9.6,9.1,9.3,9.1,9.63,10,11.5,10.1,13.83
Hinckley and Bosworth,E07000132,East Midlands,15.4,15.5,10.7,8.6,8.6,11.21,10.1,7.6,9,11.43
Isle of Wight,E06000046,South East,16,14.9,9.5,10,8.9,10.58,11.3,11,11.2,8.87
Islington,E09000019,London,10.4,8.1,7.4,8.6,11.1,9.76,8.4,10.4,11,14.76
Kettering,E07000153,East Midlands,16.5,16.7,11.9,9.5,9.4,12.43,10.8,8.5,9.5,12.82
King's Lynn and West Norfolk,E07000146,East of England,21.4,18.5,9.2,8.8,10.8,10.1,11,10.7,12.2,16.96
Kingston upon Thames,E09000021,London,9.9,9.1,8.9,9.4,10,9.37,9.3,10.9,10.4,12.39
Lambeth,E09000022,London,10.5,8.3,7.5,9.2,10.8,10.05,8.9,10.3,11.2,15.78
Lichfield,E07000194,West Midlands,17.4,14.3,10.9,9.8,9.5,10.95,10.8,9.4,9.1,12.52
Luton,E06000032,East of England,16.9,13.5,13.4,13.4,9.6,8.89,11.8,13.9,11.6,16.05
Medway,E06000035,South East,12.3,9.9,8.6,9.8,9.2,11.46,10.1,10.3,9,8.9
Melton,E07000133,East Midlands,16.6,18.1,12.3,9.5,11,12.82,11,8.3,10.6,12.46
Mid Suffolk,E07000203,East of England,19.4,18.2,9.1,8.7,10.9,10.24,9.6,9.3,10.8,13.48
North East Derbyshire,E07000038,East Midlands,18.6,18.6,11.9,9,8.7,11.05,11.4,8.4,10.4,13.5
North Kesteven,E07000139,East Midlands,16.4,17.7,9.8,7.7,9.1,10.28,10.5,7.3,10.4,11.91
North Lincolnshire,E06000013,Yorkshire and the Humber,18.5,17.3,8.6,8.2,10.2,10.85,11.1,9.1,9.8,16.09
North Tyneside,E08000022,North East,19,16.7,9.7,9.9,9.9,11.13,11.2,9.3,7.6,12.91
North West Leicestershire,E07000134,East Midlands,16.8,16.9,11.5,9,10,11.31,10.7,7.9,9.8,12.84
Northampton,E07000154,East Midlands,16.2,15.4,11.8,10.3,9.4,12.88,10.8,8.5,8.7,12.57
Nuneaton and Bedworth,E07000219,West Midlands,19.5,13.9,11.9,11.1,9.8,11.25,12,10.8,9.6,16.05
Peterborough,E06000031,East of England,15.6,12.6,9.6,9.7,8.5,7.75,10.6,11.4,9.5,15.21
Ribble Valley,E07000124,North West,20,19.9,9.8,9.4,11.6,10.63,10,10.2,11.1,11.7
Rother,E07000064,South East,17.6,17.2,8.8,8.9,9,9.36,9.9,9.8,10.6,8.63
Rotherham,E08000018,Yorkshire and the Humber,18.2,16.7,9.8,9,10.5,10.63,11.4,10.1,9.5,17.05
Rushcliffe,E07000176,East Midlands,14.8,16.9,11.5,8.7,8.6,9.98,10,7.7,8.8,9.86
Sedgemoor,E07000188,South West,15.6,15,8.7,11,12,11.24,10.5,10.8,9.6,10.82
South Derbyshire,E07000039,East Midlands,15.5,16.2,11,9,9.1,11.29,10.5,7.9,9.8,11.77
South Kesteven,E07000141,East Midlands,16,17.1,11.4,8.9,10.3,11.61,10.6,8.2,10,12.12
South Norfolk,E07000149,East of England,18.9,17.7,8.4,8.1,10,9.27,9.5,9.4,10.6,13.26
South Somerset,E07000189,South West,16.1,16,9.2,11.2,13,12.17,10.2,10.5,10,11.01
Southend-on-Sea,E06000033,East of England,19.1,16.9,9.2,9.8,9,8.36,10.1,11.4,9.3,14.78
Stockport,E08000007,North West,18.5,16.5,9.7,9.2,9.8,10.24,10.7,10.7,9.8,12.15
Stockton-on-Tees,E06000004,North East,18.1,16.8,10.3,11.1,10.7,12.34,13.4,11.3,9,12.97
Stratford-on-Avon,E07000221,West Midlands,19.6,17.1,12.4,10.5,12.1,13.62,10.5,9.6,10.2,13.59
Stroud,E07000082,South West,15.7,16.1,9.2,10.6,11.1,10.39,9.4,9.9,8.8,10.16
Teignbridge,E07000045,South West,16.3,16.5,9.3,11.8,11.7,10.87,10.5,10.9,9.6,9.9
Torbay,E06000027,South West,16,15.6,9.8,12.8,11.6,10.82,10.8,12.6,10,10.54
Trafford,E08000009,North West,18.5,16.6,11.1,10,10.4,9.88,11.1,11.4,10.4,12.79
Tunbridge Wells,E07000116,South East,13.2,12.7,9.2,8.6,9.8,9.7,9.5,9,8.5,8.14
Uttlesford,E07000077,East of England,16.9,16.7,9.4,8.5,9.7,8.96,8.8,9.3,9.3,11.89
Wakefield,E08000036,Yorkshire and the Humber,18.5,16.5,9.3,8.6,10.2,10.93,11.2,9.5,8.8,17.34
Warrington,E06000007,North West,16.7,14.3,8.3,8,8.4,9.83,10.1,9.8,9.1,11.57
Warwick,E07000222,West Midlands,16.9,13.6,11.6,11.1,10.8,12.34,10.8,10,8.6,13.02
Wellingborough,E07000156,East Midlands,16.3,15.6,11.8,10.1,9.7,12.73,11.1,8.6,9.8,13.2
West Lancashire,E07000127,North West,19.2,17,9,8.6,10,9.81,11,10.7,11.5,13.12
Wychavon,E07000238,West Midlands,19.3,16.7,12.1,10.6,11.1,12.7,10.7,9.5,10.3,14.07
Wyre,E07000128,North West,20.8,19.7,8.6,9,9.3,9.82,10.8,10.9,11.1,12
Amber Valley,E07000032,East Midlands,19.1,19.4,13.2,10.3,10.1,12.58,12.4,8.8,10.5,13.96
Ashfield,E07000170,East Midlands,19.3,18.1,12.5,9.5,9.3,11.86,11.8,9.3,10.6,15.21
Barking and Dagenham,E09000002,London,13.5,10.3,10.1,11.1,10.6,10.03,11.6,13.2,12.3,22.47
Bassetlaw,E07000171,East Midlands,19.7,19.8,12.7,9.7,10.4,11.6,11.4,9.1,11.3,14.93
Bolsover,E07000033,East Midlands,20.6,19.7,12.4,9.8,9.9,11.62,11.7,9.3,10.8,16.24
Bolton,E08000001,North West,19.7,16.3,11.4,11,10.5,12.48,12.9,13.5,11.9,14.76
Bury,E08000002,North West,19.1,16.4,10.3,10.1,10.4,11.21,11.6,11.7,10.6,13.35
Calderdale,E08000033,Yorkshire and the Humber,19.5,18.8,11.6,11.7,12.2,13.55,12.2,10.7,10.2,16.7
Cambridge,E07000008,East of England,16.2,14.5,13.2,12.1,11.3,10.7,11.5,12.3,11.1,14.92
Camden,E09000007,London,10.1,8.9,8.8,9.9,13.1,9.93,8.9,11.7,11.9,13.72
Carlisle,E07000028,North West,22.2,19.6,10.9,10.1,11.9,12.25,12.3,12.1,12,14.72
Chesterfield,E07000034,East Midlands,20,19,13,10,9.6,12.25,11.9,9.4,10.4,14.91
Copeland,E07000029,North West,22,19.1,10.5,9.8,11.2,10.9,12.1,11.7,13.6,15.71
Derby,E07000151,East Midlands,18.9,18.9,10.6,8.5,10.6,10.61,9.6,7.4,10.2,15.58
Dover,E08000017,South East,15.3,13.3,10,9.8,11.6,11.32,12.1,10.8,9.6,9.9
Durham UA,E08000027,North East,21.9,19.5,14.3,12.8,10.4,11.84,13.3,11.7,10.6,15.52
Ealing,E09000009,London,10.9,9.3,10.8,11,11.2,11.37,10.5,13.6,12.6,14.84
Enfield,E09000010,London,12,10,8.8,10.6,10.6,9.29,11.3,12.6,12.7,16.39
Erewash,E07000036,East Midlands,17.5,17.1,12.6,10.4,9.4,13,12.3,9.2,10.3,13.31
Exeter,E07000041,South West,13,12.5,10.7,13.1,12.3,11.52,11.6,12.4,10.4,11.86
Great Yarmouth,E07000145,East of England,20.7,17.6,10.7,11.3,10.5,9.83,12.8,13.2,12.7,16.39
Hackney,E09000012,London,10.5,8.6,8.1,9.4,10.5,9.82,10.2,11.9,12.2,16.47
Halton,E06000006,North West,18.1,14.9,9.2,9.2,9.7,10.77,12.8,11.8,10.9,14.03
Hammersmith and Fulham,E09000013,London,10.7,8.9,9.2,10.3,13.6,10.66,8.4,11.7,11.3,14.16
Harrow,E09000015,London,11.4,10.3,11.7,11.3,10.3,11.78,11.8,13.6,11.7,14.48
Hartlepool,E06000001,North East,20.3,18.5,11.6,12.2,11.8,12.83,14.7,12.6,10.1,14.75
Hounslow,E09000018,London,10.7,8.8,10.5,10.1,10,11.67,10.8,12.7,11.6,15.36
Ipswich,E07000202,East of England,18.7,15.3,11.8,11.5,9.5,8.86,12.1,12.8,10.6,17.34
Kirklees,E08000034,Yorkshire and the Humber,18.9,17.6,12,11.8,11.6,13.97,13.1,11.4,10.6,16.81
Knowsley,E08000011,North West,19.5,15.3,10.2,10.4,10.7,11.06,14.6,13.9,12.7,15.48
Leeds,E08000035,Yorkshire and the Humber,17.2,16.3,11.6,11.6,11.9,13.5,13.1,11.1,10.3,16.82
Lewisham,E09000023,London,11.2,9.1,8,10,10.5,10.2,10.7,10.9,12.1,18.23
Mansfield,E07000174,East Midlands,19.9,19.5,12.6,9.6,9.3,12.06,12,9.8,10.7,15.38
Mendip,E07000187,South West,15.7,15.7,9.1,11.2,12.4,11.62,9.9,10.7,9.4,10.52
Merton,E09000024,London,9.7,8.3,8.6,9.9,10.6,10.16,9.4,11.1,11.2,14.7
Mid Devon,E07000042,South West,18.6,18.5,10.5,12.8,14.4,13.63,11,11.2,11,11.54
Newark and Sherwood,E07000175,East Midlands,18.9,20.1,12.7,9.5,10.1,11.88,11.5,9.1,11.2,13.88
North East Lincolnshire,E06000012,Yorkshire and the Humber,19.7,18,10.1,10.8,12.3,12.22,12.9,11.5,10.1,16.7
North Warwickshire,E07000218,West Midlands,19.7,14.7,11.8,10.7,10.3,11.87,11.2,9.8,10.6,16.22
Norwich,E07000148,East of England,17.5,14,12.2,11.5,10.5,9.88,12.3,12.9,11.1,18.74
Oadby and Wigston,E07000135,East Midlands,15.6,16.1,11.9,9.6,8.2,11.98,9.6,8.2,8.9,10.2
Oldham,E08000004,North West,19.8,15.8,11.2,10.7,10.7,12.05,11.8,12.9,11.7,15.22
Oxford,E07000178,South East,12.6,11.1,12.4,11.9,11.9,12.83,11.9,11.7,10.5,9.85
Plymouth,E06000026,South West,14,12.8,10.3,13.4,12.8,12.03,11.8,13,10.3,12.35
Portsmouth,E06000044,South East,12.5,10.3,10.7,12.3,11.8,14.46,12.3,12.1,10.8,10.71
Reading,E06000038,South East,12,9.8,10.7,11.2,10.8,13.86,11.9,10.9,9,10.3
Redbridge,E09000026,London,11.5,9.9,10.8,11.5,10.6,11.47,11.3,13.7,12.7,15.43
Redcar and Cleveland,E06000003,North East,20.9,19.2,11.4,12.1,11.8,12.76,14.3,12.1,10.3,14.42
Redditch,E07000236,West Midlands,16.5,11.9,10.4,9.7,9,10.46,10.6,9.3,8.3,14.59
Rochdale,E08000005,North West,20,16.4,11.5,11.3,11.4,12.35,12.8,13.6,12.2,15.73
Rossendale,E07000125,North West,21,18.2,10.7,10.3,11.1,12.18,12.2,12.1,11.3,14.84
Rugby,E07000220,West Midlands,19.8,15.8,12.4,10.9,10.4,11.82,11.1,10.3,9.2,14.65
Rutland,E06000017,East Midlands,15.5,18.4,11.9,9.3,10.6,11.33,10.3,8,10.9,11.74
Salford,E08000006,North West,20.9,16.4,10.7,9.9,10.8,11.43,12.3,12.8,11.2,15.61
Sefton,E08000014,North West,20.9,19.1,11.4,10.9,11.2,10.94,12.7,13.1,12.5,13.77
Sheffield,E08000019,Yorkshire and the Humber,18.3,17.6,11.3,10.9,12.4,12.32,12.2,10.7,10.4,17.46
Slough,E06000039,South East,10.4,7.7,10,10.1,8.2,12.7,11,10.1,8.9,9.33
Solihull,E08000029,West Midlands,17.7,13.8,10.7,10.1,9.1,10.57,9.8,9.2,8.2,12.48
South Hams,E07000044,South West,18.3,19.6,10.2,12.2,13.2,12.41,10.1,11.2,10.8,9.44
South Holland,E07000140,East Midlands,19.8,19.3,10.5,7.9,8.9,11.63,11.8,7.7,11.6,14.31
South Staffordshire,E07000196,West Midlands,17.6,14.2,10.5,9.9,9.2,10.73,10.4,9.2,9.2,12.43
South Tyneside,E08000023,North East,21.3,18.2,11,11.3,11.8,12.27,13.2,11.2,8.7,14.74
Southampton,E06000045,South East,11.9,9.7,10.1,10.3,9.8,12.44,11.6,11.5,10.4,10.71
St. Helens,E08000013,North West,20,16.5,10.1,9.7,10.3,10.9,12.7,12.4,11.3,14.15
Stafford,E07000197,West Midlands,20.2,16.4,12.4,11.2,11,12.5,11.5,10.1,9.9,14.27
Tameside,E08000008,North West,19.7,16.2,10.4,9.8,10.2,11.89,11.8,11.8,10.7,14.66
Tamworth,E07000199,West Midlands,16.1,11.4,10.1,10.1,9.3,10.76,11.1,9.7,8.8,14.4
Telford and Wrekin,E06000020,West Midlands,16.7,12.9,11,10.8,10.1,11.65,12.1,11,9.4,15.56
Tendring,E07000076,East of England,21.5,19.2,8.6,9.4,8,7.38,10.6,11.4,10.9,15.27
Thanet,E07000114,South East,16.8,14.7,10.1,10.3,10.1,11.28,11.4,12.3,10.7,10.55
Watford,E07000103,East of England,15.2,12.3,10.3,10.2,8.6,7.98,10.3,10.2,8.5,13.73
West Lindsey,E07000142,East Midlands,20.3,22.3,12.8,9.9,11,12.74,12.2,9.3,12.8,14.4
Wigan,E08000010,North West,19.8,16,9.4,9.1,9.9,10.94,12.2,11.9,10.8,14.22
Wirral,E08000015,North West,20.5,18.5,11.2,10.6,10.9,11.18,13.1,13.5,12.2,13.86
Worcester,E07000237,West Midlands,18.1,13.8,13.1,12.1,10.7,12.11,12.7,11.1,9.9,15.44
Wyre Forest,E07000239,West Midlands,19.9,15.3,13.5,12.2,11.1,12.58,12.5,11.2,10.4,15.5
York,E06000014,Yorkshire and the Humber,16.1,15.7,9.1,9,10.7,11.55,10.5,8.9,8.5,13.49
Allerdale,E07000026,North West,23.5,21.5,11.3,10.5,12.7,11.35,12.3,11.9,13.8,16.14
Barrow-in-Furness,E07000027,North West,21.1,18.8,13.1,14.4,12.3,13.49,15.3,15.1,14.4,14.27
Birmingham,E08000025,West Midlands,23.3,17.9,20.1,18.9,14.1,15.57,16.8,16.2,14.2,21.16
Blackburn with Darwen,E06000008,North West,20.9,18.2,14,13.6,12.4,13.96,14.4,16.5,14.6,16.4
Blackpool,E06000009,North West,24.2,20.9,13.5,14.1,13.2,13.45,15.9,17.5,15.2,16.26
Boston,E07000136,East Midlands,22.6,22,13.2,10.5,11.4,13.89,13.7,9.9,12,16.37
Bradford,E08000032,Yorkshire and the Humber,19.2,17.9,14.2,14.1,13.2,15.04,14.3,13.5,12.4,18.35
Brent,E09000005,London,11.5,9.8,11.6,12,11.7,13.1,12.9,14.9,13.7,17.29
Burnley,E07000117,North West,22.2,19,13.5,14.2,13.5,14.65,15.1,16.4,13.6,16.4
Cornwall UA,E06000052,South West,19.1,19.1,11.4,14.4,14.9,14.15,12.8,13.2,12.6,11.47
Coventry,E06000047,West Midlands,21.1,16.2,11.4,11.5,12.2,13.33,14,11.8,9.8,18.78
Craven,E08000026,Yorkshire and the Humber,22.7,23.6,16.3,15.9,13,14.42,15.3,14.7,12.1,15.37
Dartford,E06000005,South East,11.2,8.8,11.8,12.5,12.6,14.08,13.7,12.2,9,7.47
Derbyshire Dales,E06000015,East Midlands,24.4,27.4,16,12.8,10.7,14.44,13.2,10.8,11.6,13.5
Doncaster,E07000035,Yorkshire and the Humber,20.1,18.4,15.6,11.3,12.2,12.41,10.9,8.9,12.6,17.78
East Lindsey,E07000137,East Midlands,23.8,25,13.2,10.4,11.5,12.75,12.8,10.1,14.4,15.28
East Staffordshire,E07000193,West Midlands,21.5,17.1,14.6,13.9,12.3,13.79,14,12.6,11.2,16.76
Eden,E07000030,North West,29.1,28.3,13,11.4,16.4,12.78,11.2,11.9,14.7,14.29
Haringey,E09000014,London,11.7,10,10.1,11.9,13.3,12.57,12.6,14.5,14.4,18.25
"Herefordshire, County of",E06000019,West Midlands,27.1,23.7,16.4,14.1,15.1,16.65,13.5,12.2,12.9,16.54
Hyndburn,E07000120,North West,21.9,18.7,13.2,14,13,14.42,14.1,15.4,13.1,15.56
Isles of Scilly UA,E06000053,South West,23.7,22.2,19.7,22.4,20.4,19.41,15.5,12.5,20.9,11.74
"Kingston upon Hull, City of",E06000010,Yorkshire and the Humber,17.6,16.3,11.1,11.7,13.2,13.81,13.8,12,10.6,19.57
Lancaster,E07000121,North West,21,20.2,12,11.6,11.8,12.76,13,13.6,13.8,14.51
Leicester,E06000016,East Midlands,21.2,19.9,21.3,16.6,13.5,18.19,15.2,13.9,14.6,18.98
Lincoln,E07000138,East Midlands,19.2,19.3,15.2,11.9,11.6,14.64,13.3,10.6,11,15.36
Liverpool,E08000012,North West,22.8,19.3,14.4,14.5,14.3,14.34,17,17.6,15.6,18.14
Malvern Hills,E07000235,West Midlands,23.7,21.7,15.2,12.6,14.1,15.55,12.6,11.3,12.2,15.11
Manchester,E08000003,North West,22.4,18,15.9,14.9,14.5,15.29,16.2,17.9,15.5,19.84
Middlesbrough,E06000002,North East,22.6,20.8,15.1,15.4,14.3,15.61,17,15.4,11.9,16.52
Newcastle upon Tyne,E08000021,North East,21.2,18.8,13.4,13,13.3,14.82,14.4,13,10.6,16.37
Newcastle-under-Lyme,E07000195,West Midlands,21.6,16.8,13.4,12.1,11.3,12.78,12.9,11.3,10.9,18.04
Newham,E09000025,London,12.4,10.2,13.8,14.9,13.6,15.66,15.3,19.1,16.1,21.71
North Devon,E07000043,South West,19.2,19.3,11,13.6,13.9,13.13,11.6,12.6,11.7,11.54
North Norfolk,E07000147,East of England,24.2,22.3,11.2,10.4,12,11.25,11.1,11.6,13.5,15.78
Northumberland,E06000057,North East,22.6,21.2,11.8,11.4,13.3,13.08,12.8,11.1,9.8,14.12
Nottingham,E06000018,East Midlands,21.8,20.5,18.4,14,12.6,15.83,14.6,12.6,13.9,18.49
Pendle,E07000122,North West,23.7,20.7,15,15.7,14,15.82,15.8,17.3,15.2,17.28
Preston,E07000123,North West,19.7,17.1,13,12.9,12.4,13.99,14.1,15.1,13.4,15.11
Richmondshire,E07000166,Yorkshire and the Humber,23.9,24.3,10.7,9.6,15.2,12.28,9.5,9,10.4,16.25
Ryedale,E07000167,Yorkshire and the Humber,25.4,26,11.9,10.6,15.9,13.31,11.2,10,11.7,16.13
Sandwell,E08000028,West Midlands,24.1,17.5,18,16.4,12.8,14.3,16.9,15.2,12,20.95
Scarborough,E07000168,Yorkshire and the Humber,22.7,22.7,12.1,11.7,13.8,12.34,12.1,11.6,12.1,16.76
Shropshire UA,E06000051,West Midlands,25,21.2,15.4,13.2,14.6,16.02,13.1,11.8,12.3,16.48
South Lakeland,E07000031,North West,23.2,23.2,11.6,10.1,11.9,10.15,10.5,10.9,12.5,11.95
Staffordshire Moorlands,E07000198,West Midlands,24.6,19.3,13.5,12.1,11.5,12.95,12.4,10.8,11.4,16.16
Stoke-on-Trent,E06000021,West Midlands,25,18.4,16.1,14.7,12.5,14.02,15.4,14.7,12.4,21.82
Sunderland,E08000024,North East,21.3,18.7,11.7,12.4,12.7,13.99,15.3,12.6,9.2,15.26
Torridge,E07000046,South West,21.6,21.4,11.4,14,15,14.18,12.4,13.2,12.6,11.82
Walsall,E08000030,West Midlands,22.6,16.7,16.2,14.3,11.7,13.18,14.4,13.7,11.8,19.35
Waltham Forest,E09000031,London,12.8,10.4,11,12.1,12.1,13.22,13.5,14.6,14.2,21.06
West Devon,E07000047,South West,21.1,22,11.6,13.8,15.2,14.39,11.7,12.6,12.3,11.48
Wolverhampton,E08000031,West Midlands,24.3,18.2,18.3,16.3,13.1,14.58,15.2,14.4,12.7,21.13
